city,indicator_id,family,level,geography_code,estimate,year,unit,denominator,status,source_id,lineage_id,ci_lower,ci_upper,cv,category
belem,PENSE2024_2_5_07DC4CE97A,PeNSE,municipality,1501402,26.617244372088077,2024,%,"Base ponderada IBGE do universo/subconjunto explicitado na medida e nas notas oficiais, para a mesma geografia e desagregação. Definição integral: Distribuição percentual de escolares de 13 a 17 anos que se sentiram humilhados por provocações de colegas da escola nos 30 dias anteriores à pesquisa (%) Notas: Nota: Não são apresentados resultados para escolares que deixaram a questão sem resposta. Não reconstruir base numérica nem remover filtros condicionais.",COMPARABLE_OFFICIAL_ESTIMATE,IBGE_PENSE_2024_TEMA_02,LIN_PENSE2024_1E8322AA0AB56270851A,23.980430923831516,29.254057820344638,5.052835884717175,Duas ou mais vezes
belem,PENSE2024_2_5_07DC4CE97A,PeNSE,state,15,24.403332467736707,2024,%,"Base ponderada IBGE do universo/subconjunto explicitado na medida e nas notas oficiais, para a mesma geografia e desagregação. Definição integral: Distribuição percentual de escolares de 13 a 17 anos que se sentiram humilhados por provocações de colegas da escola nos 30 dias anteriores à pesquisa (%) Notas: Nota: Não são apresentados resultados para escolares que deixaram a questão sem resposta. Não reconstruir base numérica nem remover filtros condicionais.",COMPARABLE_OFFICIAL_ESTIMATE,IBGE_PENSE_2024_TEMA_02,LIN_PENSE2024_8500ED2A916A0DAB1BAF,22.258243734214993,26.54842120125842,4.4834776035057144,Duas ou mais vezes
belem,PENSE2024_2_5_07DC4CE97A,PeNSE,brazil,1,27.221902073143237,2024,%,"Base ponderada IBGE do universo/subconjunto explicitado na medida e nas notas oficiais, para a mesma geografia e desagregação. Definição integral: Distribuição percentual de escolares de 13 a 17 anos que se sentiram humilhados por provocações de colegas da escola nos 30 dias anteriores à pesquisa (%) Notas: Nota: Não são apresentados resultados para escolares que deixaram a questão sem resposta. Não reconstruir base numérica nem remover filtros condicionais.",COMPARABLE_OFFICIAL_ESTIMATE,IBGE_PENSE_2024_TEMA_02,LIN_PENSE2024_2EF4515BF410A0F2B4D0,26.63138708874345,27.812417057543026,1.106448831660879,Duas ou mais vezes
belem,PENSE2024_2_9_11239872D1,PeNSE,municipality,1501402,13.936338823590104,2024,%,"Base ponderada IBGE do universo/subconjunto explicitado na medida e nas notas oficiais, para a mesma geografia e desagregação. Definição integral: Percentual de escolares de 13 a 17 anos que se sentiram ameaçados, ofendidos ou humilhados nas redes sociais ou aplicativo de celular, nos 30 dias anteriores à pesquisa (%) Não reconstruir base numérica nem remover filtros condicionais.",COMPARABLE_OFFICIAL_ESTIMATE,IBGE_PENSE_2024_TEMA_02,LIN_PENSE2024_F248867F58313662957E,11.65625153524708,16.216426111933128,8.344909985522369,Total
belem,PENSE2024_2_9_11239872D1,PeNSE,state,15,14.695754461181238,2024,%,"Base ponderada IBGE do universo/subconjunto explicitado na medida e nas notas oficiais, para a mesma geografia e desagregação. Definição integral: Percentual de escolares de 13 a 17 anos que se sentiram ameaçados, ofendidos ou humilhados nas redes sociais ou aplicativo de celular, nos 30 dias anteriores à pesquisa (%) Não reconstruir base numérica nem remover filtros condicionais.",COMPARABLE_OFFICIAL_ESTIMATE,IBGE_PENSE_2024_TEMA_02,LIN_PENSE2024_1DAB5D4E5E946E27A23D,13.091095288229804,16.30041363413267,5.569417761317876,Total
belem,PENSE2024_2_9_11239872D1,PeNSE,brazil,1,12.74950608462171,2024,%,"Base ponderada IBGE do universo/subconjunto explicitado na medida e nas notas oficiais, para a mesma geografia e desagregação. Definição integral: Percentual de escolares de 13 a 17 anos que se sentiram ameaçados, ofendidos ou humilhados nas redes sociais ou aplicativo de celular, nos 30 dias anteriores à pesquisa (%) Não reconstruir base numérica nem remover filtros condicionais.",COMPARABLE_OFFICIAL_ESTIMATE,IBGE_PENSE_2024_TEMA_02,LIN_PENSE2024_E5DBCBFFC5A0FFF5C288,12.302466991886327,13.196545177357095,1.7884261936161259,Total
belem,PENSE2024_9_7_11239872D1,PeNSE,municipality,1501402,16.266760286123397,2024,%,"Base ponderada IBGE do universo/subconjunto explicitado na medida e nas notas oficiais, para a mesma geografia e desagregação. Definição integral: Percentual de escolares de 13 a 17 anos que não compareceram à escola por falta de segurança no caminho de casa para a escola ou da escola para a casa nos 30 dias anteriores à pesquisa (%) Não reconstruir base numérica nem remover filtros condicionais.",COMPARABLE_OFFICIAL_ESTIMATE,IBGE_PENSE_2024_TEMA_09,LIN_PENSE2024_A99D71FE4D0A93031B18,13.267284548752665,19.26623602349413,9.4050945530242,Total
belem,PENSE2024_9_7_11239872D1,PeNSE,state,15,12.865698249407945,2024,%,"Base ponderada IBGE do universo/subconjunto explicitado na medida e nas notas oficiais, para a mesma geografia e desagregação. Definição integral: Percentual de escolares de 13 a 17 anos que não compareceram à escola por falta de segurança no caminho de casa para a escola ou da escola para a casa nos 30 dias anteriores à pesquisa (%) Não reconstruir base numérica nem remover filtros condicionais.",COMPARABLE_OFFICIAL_ESTIMATE,IBGE_PENSE_2024_TEMA_09,LIN_PENSE2024_AA2AA903278FF00C8C33,11.226144172281042,14.505252326534848,6.499968675665467,Total
belem,PENSE2024_9_7_11239872D1,PeNSE,brazil,1,12.47223506092394,2024,%,"Base ponderada IBGE do universo/subconjunto explicitado na medida e nas notas oficiais, para a mesma geografia e desagregação. Definição integral: Percentual de escolares de 13 a 17 anos que não compareceram à escola por falta de segurança no caminho de casa para a escola ou da escola para a casa nos 30 dias anteriores à pesquisa (%) Não reconstruir base numérica nem remover filtros condicionais.",COMPARABLE_OFFICIAL_ESTIMATE,IBGE_PENSE_2024_TEMA_09,LIN_PENSE2024_B1B5A864F8DC6F8FF15F,11.816110097502127,13.128360024345751,2.6832500972995064,Total
belem,PENSE2024_12_3_11239872D1,PeNSE,municipality,1501402,29.735962800825522,2024,%,"Base ponderada IBGE do universo/subconjunto explicitado na medida e nas notas oficiais, para a mesma geografia e desagregação. Definição integral: Percentual de escolares de 13 a 17 anos que se sentiram tristes na maioria das vezes ou sempre, nos 30 dias anteriores à pesquisa (%) Não reconstruir base numérica nem remover filtros condicionais.",COMPARABLE_OFFICIAL_ESTIMATE,IBGE_PENSE_2024_TEMA_12,LIN_PENSE2024_E69CCBFE94DA69E797B1,27.22578265291499,32.24614294873606,4.305680154267651,Total
belem,PENSE2024_12_3_11239872D1,PeNSE,state,15,28.23224697845418,2024,%,"Base ponderada IBGE do universo/subconjunto explicitado na medida e nas notas oficiais, para a mesma geografia e desagregação. Definição integral: Percentual de escolares de 13 a 17 anos que se sentiram tristes na maioria das vezes ou sempre, nos 30 dias anteriores à pesquisa (%) Não reconstruir base numérica nem remover filtros condicionais.",COMPARABLE_OFFICIAL_ESTIMATE,IBGE_PENSE_2024_TEMA_12,LIN_PENSE2024_C3D745B8DB5EAEA809FE,26.185827956900773,30.27866600000759,3.6971578983030127,Total
belem,PENSE2024_12_3_11239872D1,PeNSE,brazil,1,28.850215137775237,2024,%,"Base ponderada IBGE do universo/subconjunto explicitado na medida e nas notas oficiais, para a mesma geografia e desagregação. Definição integral: Percentual de escolares de 13 a 17 anos que se sentiram tristes na maioria das vezes ou sempre, nos 30 dias anteriores à pesquisa (%) Não reconstruir base numérica nem remover filtros condicionais.",COMPARABLE_OFFICIAL_ESTIMATE,IBGE_PENSE_2024_TEMA_12,LIN_PENSE2024_7E541C97872227AD7F68,28.16288954618306,29.537540729367414,1.2151568460325934,Total
belem,PENSE2024_8_4_11239872D1,PeNSE,municipality,1501402,59.657775509615455,2024,%,"Escolares de 13 a 17 anos que já tiveram relação sexual, no recorte publicado de sexo/dependência e geografia; base ponderada IBGE, não total populacional.",COMPARABLE_OFFICIAL_ESTIMATE,IBGE_PENSE_2024_TEMA_08,LIN_PENSE2024_14D55706F212D0D43ADA,54.294508174225946,65.02104284500496,4.585442681848536,Total
belem,PENSE2024_8_4_11239872D1,PeNSE,state,15,55.492362352896585,2024,%,"Escolares de 13 a 17 anos que já tiveram relação sexual, no recorte publicado de sexo/dependência e geografia; base ponderada IBGE, não total populacional.",COMPARABLE_OFFICIAL_ESTIMATE,IBGE_PENSE_2024_TEMA_08,LIN_PENSE2024_33975CF53DA2B1871150,51.09953547749466,59.88518922829851,4.037660077620619,Total
belem,PENSE2024_8_4_11239872D1,PeNSE,brazil,1,57.192945441554585,2024,%,"Escolares de 13 a 17 anos que já tiveram relação sexual, no recorte publicado de sexo/dependência e geografia; base ponderada IBGE, não total populacional.",COMPARABLE_OFFICIAL_ESTIMATE,IBGE_PENSE_2024_TEMA_08,LIN_PENSE2024_C4C0B1C1B33824799596,56.04620454107608,58.33968634203309,1.0226846061408275,Total
belem,PENSE2024_3_17_11239872D1,PeNSE,municipality,1501402,70.06994151270216,2024,%,"Base ponderada IBGE do universo/subconjunto explicitado na medida e nas notas oficiais, para a mesma geografia e desagregação. Definição integral: Percentual de escolares de 13 a 17 anos com consumo habitual de café da manhã (%) Notas: Nota: A denominação ""consumo habitual de café da manhã"" refere-se ao consumo semanal igual ou superior a cinco dias. Não reconstruir base numérica nem remover filtros condicionais.",COMPARABLE_OFFICIAL_ESTIMATE,IBGE_PENSE_2024_TEMA_03,LIN_PENSE2024_16EBDEF463DFC6DBF205,67.44369600060266,72.69618702480166,1.9117119186172846,Total
belem,PENSE2024_3_17_11239872D1,PeNSE,state,15,72.18539858872991,2024,%,"Base ponderada IBGE do universo/subconjunto explicitado na medida e nas notas oficiais, para a mesma geografia e desagregação. Definição integral: Percentual de escolares de 13 a 17 anos com consumo habitual de café da manhã (%) Notas: Nota: A denominação ""consumo habitual de café da manhã"" refere-se ao consumo semanal igual ou superior a cinco dias. Não reconstruir base numérica nem remover filtros condicionais.",COMPARABLE_OFFICIAL_ESTIMATE,IBGE_PENSE_2024_TEMA_03,LIN_PENSE2024_B20A7F53D5957F80F325,68.39910228338657,75.97169489407325,2.67537163532008,Total
belem,PENSE2024_3_17_11239872D1,PeNSE,brazil,1,59.615719478909305,2024,%,"Base ponderada IBGE do universo/subconjunto explicitado na medida e nas notas oficiais, para a mesma geografia e desagregação. Definição integral: Percentual de escolares de 13 a 17 anos com consumo habitual de café da manhã (%) Notas: Nota: A denominação ""consumo habitual de café da manhã"" refere-se ao consumo semanal igual ou superior a cinco dias. Não reconstruir base numérica nem remover filtros condicionais.",COMPARABLE_OFFICIAL_ESTIMATE,IBGE_PENSE_2024_TEMA_03,LIN_PENSE2024_C8ED393D83522A10BC91,58.79954021386726,60.43189874395135,0.6983025809657853,Total
belem,PENSE2024_4_6_11239872D1,PeNSE,municipality,1501402,29.42815280631804,2024,%,"Base ponderada IBGE do universo/subconjunto explicitado na medida e nas notas oficiais, para a mesma geografia e desagregação. Definição integral: Percentual de escolares de 13 a 17 anos fisicamente ativos com base na atividade física acumulada nos sete dias anteriores à pesquisa (%) Notas: Notas: Compõem esse indicador o número de dias e o tempo que os escolares gastam para ir e voltar da escola, nas aulas de educação física ou em outras atividades extraescolares nos sete dias anteriores à pesquisa. Não reconstruir base numérica nem remover filtros condicionais.",COMPARABLE_OFFICIAL_ESTIMATE,IBGE_PENSE_2024_TEMA_04,LIN_PENSE2024_2F610B1CEAD298B6B03F,27.08813702732051,31.768168585315568,4.05578255589484,Total
belem,PENSE2024_4_6_11239872D1,PeNSE,state,15,27.973549564068463,2024,%,"Base ponderada IBGE do universo/subconjunto explicitado na medida e nas notas oficiais, para a mesma geografia e desagregação. Definição integral: Percentual de escolares de 13 a 17 anos fisicamente ativos com base na atividade física acumulada nos sete dias anteriores à pesquisa (%) Notas: Notas: Compõem esse indicador o número de dias e o tempo que os escolares gastam para ir e voltar da escola, nas aulas de educação física ou em outras atividades extraescolares nos sete dias anteriores à pesquisa. Não reconstruir base numérica nem remover filtros condicionais.",COMPARABLE_OFFICIAL_ESTIMATE,IBGE_PENSE_2024_TEMA_04,LIN_PENSE2024_0CA8767BBBB530787697,24.941247841078752,31.005851287058174,5.52896339550722,Total
belem,PENSE2024_4_6_11239872D1,PeNSE,brazil,1,30.55727207455909,2024,%,"Base ponderada IBGE do universo/subconjunto explicitado na medida e nas notas oficiais, para a mesma geografia e desagregação. Definição integral: Percentual de escolares de 13 a 17 anos fisicamente ativos com base na atividade física acumulada nos sete dias anteriores à pesquisa (%) Notas: Notas: Compõem esse indicador o número de dias e o tempo que os escolares gastam para ir e voltar da escola, nas aulas de educação física ou em outras atividades extraescolares nos sete dias anteriores à pesquisa. Não reconstruir base numérica nem remover filtros condicionais.",COMPARABLE_OFFICIAL_ESTIMATE,IBGE_PENSE_2024_TEMA_04,LIN_PENSE2024_BE69D66C16574A354EC1,29.768785394092074,31.345758755026107,1.3161296098310349,Total
belem,PENSE2024_6_5_11239872D1,PeNSE,municipality,1501402,13.339162788568515,2024,%,"Base ponderada IBGE do universo/subconjunto explicitado na medida e nas notas oficiais, para a mesma geografia e desagregação. Definição integral: Percentual de escolares de 13 a 17 anos que consumiram bebidas alcoólicas pelo menos um dia nos 30 dias anteriores à pesquisa (%) Não reconstruir base numérica nem remover filtros condicionais.",COMPARABLE_OFFICIAL_ESTIMATE,IBGE_PENSE_2024_TEMA_06,LIN_PENSE2024_01DD44D1F54BDC388C53,10.457856936478969,16.220468640658062,11.017413975065264,Total
belem,PENSE2024_6_5_11239872D1,PeNSE,state,15,13.87733243910127,2024,%,"Base ponderada IBGE do universo/subconjunto explicitado na medida e nas notas oficiais, para a mesma geografia e desagregação. Definição integral: Percentual de escolares de 13 a 17 anos que consumiram bebidas alcoólicas pelo menos um dia nos 30 dias anteriores à pesquisa (%) Não reconstruir base numérica nem remover filtros condicionais.",COMPARABLE_OFFICIAL_ESTIMATE,IBGE_PENSE_2024_TEMA_06,LIN_PENSE2024_724C5D04717248128989,11.878897162995226,15.875767715207314,7.345188989484816,Total
belem,PENSE2024_6_5_11239872D1,PeNSE,brazil,1,20.389985623812173,2024,%,"Base ponderada IBGE do universo/subconjunto explicitado na medida e nas notas oficiais, para a mesma geografia e desagregação. Definição integral: Percentual de escolares de 13 a 17 anos que consumiram bebidas alcoólicas pelo menos um dia nos 30 dias anteriores à pesquisa (%) Não reconstruir base numérica nem remover filtros condicionais.",COMPARABLE_OFFICIAL_ESTIMATE,IBGE_PENSE_2024_TEMA_06,LIN_PENSE2024_10E1D3FA80DDD24FC7DB,19.747568336188877,21.03240291143547,1.6070122204325952,Total
belem,PENSE2024_2_4_92B62A2838,PeNSE,municipality,1501402,58.78960950990876,2024,%,"Base ponderada IBGE do universo/subconjunto explicitado na medida e nas notas oficiais, para a mesma geografia e desagregação. Definição integral: Distribuição percentual de escolares de 13 a 17 anos cujos colegas de escola os trataram bem e/ou foram prestativos com eles nos 30 dias anteriores à pesquisa (%) Notas: Nota: Não são apresentados resultados para escolares que deixaram a questão sem resposta. Não reconstruir base numérica nem remover filtros condicionais.",COMPARABLE_OFFICIAL_ESTIMATE,IBGE_PENSE_2024_TEMA_02,LIN_PENSE2024_9D96A67178B4D6669BC4,54.85206848522307,62.72715053459444,3.4162008439311933,Na maioria das vezes ou sempre
belem,PENSE2024_2_4_92B62A2838,PeNSE,state,15,55.86371782634455,2024,%,"Base ponderada IBGE do universo/subconjunto explicitado na medida e nas notas oficiais, para a mesma geografia e desagregação. Definição integral: Distribuição percentual de escolares de 13 a 17 anos cujos colegas de escola os trataram bem e/ou foram prestativos com eles nos 30 dias anteriores à pesquisa (%) Notas: Nota: Não são apresentados resultados para escolares que deixaram a questão sem resposta. Não reconstruir base numérica nem remover filtros condicionais.",COMPARABLE_OFFICIAL_ESTIMATE,IBGE_PENSE_2024_TEMA_02,LIN_PENSE2024_C0E6A8F399E761D2FF6A,53.022467039653975,58.70496861303512,2.594171077846399,Na maioria das vezes ou sempre
belem,PENSE2024_2_4_92B62A2838,PeNSE,brazil,1,61.76770677604118,2024,%,"Base ponderada IBGE do universo/subconjunto explicitado na medida e nas notas oficiais, para a mesma geografia e desagregação. Definição integral: Distribuição percentual de escolares de 13 a 17 anos cujos colegas de escola os trataram bem e/ou foram prestativos com eles nos 30 dias anteriores à pesquisa (%) Notas: Nota: Não são apresentados resultados para escolares que deixaram a questão sem resposta. Não reconstruir base numérica nem remover filtros condicionais.",COMPARABLE_OFFICIAL_ESTIMATE,IBGE_PENSE_2024_TEMA_02,LIN_PENSE2024_77E5C95375632A2AEA65,60.82887392330779,62.70653962877457,0.7752569714128908,Na maioria das vezes ou sempre
belem,PENSE2024_3_12_8FDAEECA21,PeNSE,municipality,1501402,52.74311861780765,2024,%,"Base ponderada IBGE do universo/subconjunto explicitado na medida e nas notas oficiais, para a mesma geografia e desagregação. Definição integral: Percentual de escolares de 13 a 17 anos com consumo de alimentos marcadores de alimentação saudável (frutas) no dia anterior à pesquisa por tipo de alimento consumido (%) Notas: Nota: A denominação ""frutas"" contempla (1) mamão, manga ou pequi; (2) laranja, banana, maçã ou abacaxi. Não reconstruir base numérica nem remover filtros condicionais.",COMPARABLE_OFFICIAL_ESTIMATE,IBGE_PENSE_2024_TEMA_03,LIN_PENSE2024_74C476AEAC6FF7031BCC,50.555033781335624,54.93120345427968,2.1160076360277844,Sem consumo
belem,PENSE2024_3_12_8FDAEECA21,PeNSE,state,15,53.20024432341808,2024,%,"Base ponderada IBGE do universo/subconjunto explicitado na medida e nas notas oficiais, para a mesma geografia e desagregação. Definição integral: Percentual de escolares de 13 a 17 anos com consumo de alimentos marcadores de alimentação saudável (frutas) no dia anterior à pesquisa por tipo de alimento consumido (%) Notas: Nota: A denominação ""frutas"" contempla (1) mamão, manga ou pequi; (2) laranja, banana, maçã ou abacaxi. Não reconstruir base numérica nem remover filtros condicionais.",COMPARABLE_OFFICIAL_ESTIMATE,IBGE_PENSE_2024_TEMA_03,LIN_PENSE2024_79437FB1607E5E687727,49.94824248564289,56.45224616119327,3.117855869908456,Sem consumo
belem,PENSE2024_3_12_8FDAEECA21,PeNSE,brazil,1,51.37291272685919,2024,%,"Base ponderada IBGE do universo/subconjunto explicitado na medida e nas notas oficiais, para a mesma geografia e desagregação. Definição integral: Percentual de escolares de 13 a 17 anos com consumo de alimentos marcadores de alimentação saudável (frutas) no dia anterior à pesquisa por tipo de alimento consumido (%) Notas: Nota: A denominação ""frutas"" contempla (1) mamão, manga ou pequi; (2) laranja, banana, maçã ou abacaxi. Não reconstruir base numérica nem remover filtros condicionais.",COMPARABLE_OFFICIAL_ESTIMATE,IBGE_PENSE_2024_TEMA_03,LIN_PENSE2024_9BD6950B530A46DAEE18,50.69358145044199,52.05224400327639,0.6744756876018566,Sem consumo
belem,PENSE2024_10_1_11239872D1,PeNSE,municipality,1501402,19.380341737483686,2024,%,"Base ponderada IBGE do universo/subconjunto explicitado na medida e nas notas oficiais, para a mesma geografia e desagregação. Definição integral: Percentual de escolares de 13 a 17 anos que tiveram dor de dente que não tenha sido causada por uso de aparelho nos seis meses anteriores à pesquisa (%) Não reconstruir base numérica nem remover filtros condicionais.",COMPARABLE_OFFICIAL_ESTIMATE,IBGE_PENSE_2024_TEMA_10,LIN_PENSE2024_81C46405B2FA9F93E0A4,17.03546691490483,21.72521656006254,6.171306442312812,Total
belem,PENSE2024_10_1_11239872D1,PeNSE,state,15,19.44444591229521,2024,%,"Base ponderada IBGE do universo/subconjunto explicitado na medida e nas notas oficiais, para a mesma geografia e desagregação. Definição integral: Percentual de escolares de 13 a 17 anos que tiveram dor de dente que não tenha sido causada por uso de aparelho nos seis meses anteriores à pesquisa (%) Não reconstruir base numérica nem remover filtros condicionais.",COMPARABLE_OFFICIAL_ESTIMATE,IBGE_PENSE_2024_TEMA_10,LIN_PENSE2024_6B6779D3462DCFEB31AB,17.37211368648801,21.516778138102406,5.436040554276826,Total
belem,PENSE2024_10_1_11239872D1,PeNSE,brazil,1,19.356103403352787,2024,%,"Base ponderada IBGE do universo/subconjunto explicitado na medida e nas notas oficiais, para a mesma geografia e desagregação. Definição integral: Percentual de escolares de 13 a 17 anos que tiveram dor de dente que não tenha sido causada por uso de aparelho nos seis meses anteriores à pesquisa (%) Não reconstruir base numérica nem remover filtros condicionais.",COMPARABLE_OFFICIAL_ESTIMATE,IBGE_PENSE_2024_TEMA_10,LIN_PENSE2024_5E2B5D8180D212326843,18.741482412667644,19.97072439403793,1.6196021115230563,Total
belem,PENSE2024_13_8_11239872D1,PeNSE,municipality,1501402,54.58692001818409,2024,%,"Base ponderada IBGE do universo/subconjunto explicitado na medida e nas notas oficiais, para a mesma geografia e desagregação. Definição integral: Percentual de escolares de 13 a 17 anos que foram vacinados(as) contra o vírus Papilomavírus Humano (HPV) (%) Não reconstruir base numérica nem remover filtros condicionais.",COMPARABLE_OFFICIAL_ESTIMATE,IBGE_PENSE_2024_TEMA_13,LIN_PENSE2024_0174C94183D9DBE2C9BE,52.531270479961805,56.64256955640637,1.920787690783035,Total
belem,PENSE2024_13_8_11239872D1,PeNSE,state,15,55.88510308818258,2024,%,"Base ponderada IBGE do universo/subconjunto explicitado na medida e nas notas oficiais, para a mesma geografia e desagregação. Definição integral: Percentual de escolares de 13 a 17 anos que foram vacinados(as) contra o vírus Papilomavírus Humano (HPV) (%) Não reconstruir base numérica nem remover filtros condicionais.",COMPARABLE_OFFICIAL_ESTIMATE,IBGE_PENSE_2024_TEMA_13,LIN_PENSE2024_4081857499E43326F931,52.9871941047627,58.783012071602464,2.644889693612758,Total
belem,PENSE2024_13_8_11239872D1,PeNSE,brazil,1,54.899013803530515,2024,%,"Base ponderada IBGE do universo/subconjunto explicitado na medida e nas notas oficiais, para a mesma geografia e desagregação. Definição integral: Percentual de escolares de 13 a 17 anos que foram vacinados(as) contra o vírus Papilomavírus Humano (HPV) (%) Não reconstruir base numérica nem remover filtros condicionais.",COMPARABLE_OFFICIAL_ESTIMATE,IBGE_PENSE_2024_TEMA_13,LIN_PENSE2024_B68AC980406D17CC27AF,54.01075209737065,55.78727550969038,0.8252685143645713,Total
belem,PENSE2024_8_9_11239872D1,PeNSE,municipality,1501402,54.56923732761173,2024,%,"Base ponderada IBGE do universo/subconjunto explicitado na medida e nas notas oficiais, para a mesma geografia e desagregação. Definição integral: Percentual de escolares de 13 a 17 anos que receberam orientação na escola sobre prevenção de gravidez (%) Não reconstruir base numérica nem remover filtros condicionais.",COMPARABLE_OFFICIAL_ESTIMATE,IBGE_PENSE_2024_TEMA_08,LIN_PENSE2024_61B512141782B98381A4,47.7230879124701,61.41538674275336,6.3990774814363665,Total
belem,PENSE2024_8_9_11239872D1,PeNSE,state,15,63.44499569186649,2024,%,"Base ponderada IBGE do universo/subconjunto explicitado na medida e nas notas oficiais, para a mesma geografia e desagregação. Definição integral: Percentual de escolares de 13 a 17 anos que receberam orientação na escola sobre prevenção de gravidez (%) Não reconstruir base numérica nem remover filtros condicionais.",COMPARABLE_OFFICIAL_ESTIMATE,IBGE_PENSE_2024_TEMA_08,LIN_PENSE2024_9217208CE4F015C86A53,59.65839876932795,67.23159261440502,3.044181798087853,Total
belem,PENSE2024_8_9_11239872D1,PeNSE,brazil,1,66.67664603548816,2024,%,"Base ponderada IBGE do universo/subconjunto explicitado na medida e nas notas oficiais, para a mesma geografia e desagregação. Definição integral: Percentual de escolares de 13 a 17 anos que receberam orientação na escola sobre prevenção de gravidez (%) Não reconstruir base numérica nem remover filtros condicionais.",COMPARABLE_OFFICIAL_ESTIMATE,IBGE_PENSE_2024_TEMA_08,LIN_PENSE2024_49D247130073E1142763,65.44636450146872,67.9069275695076,0.941130046994932,Total
manaus,PENSE2024_2_5_07DC4CE97A,PeNSE,municipality,1302603,31.517343134034512,2024,%,"Base ponderada IBGE do universo/subconjunto explicitado na medida e nas notas oficiais, para a mesma geografia e desagregação. Definição integral: Distribuição percentual de escolares de 13 a 17 anos que se sentiram humilhados por provocações de colegas da escola nos 30 dias anteriores à pesquisa (%) Notas: Nota: Não são apresentados resultados para escolares que deixaram a questão sem resposta. Não reconstruir base numérica nem remover filtros condicionais.",COMPARABLE_OFFICIAL_ESTIMATE,IBGE_PENSE_2024_TEMA_02,LIN_PENSE2024_B6E33B3329D959F6E135,29.452428845786386,33.58225742228264,3.3417296262327727,Duas ou mais vezes
manaus,PENSE2024_2_5_07DC4CE97A,PeNSE,state,13,29.2493315548412,2024,%,"Base ponderada IBGE do universo/subconjunto explicitado na medida e nas notas oficiais, para a mesma geografia e desagregação. Definição integral: Distribuição percentual de escolares de 13 a 17 anos que se sentiram humilhados por provocações de colegas da escola nos 30 dias anteriores à pesquisa (%) Notas: Nota: Não são apresentados resultados para escolares que deixaram a questão sem resposta. Não reconstruir base numérica nem remover filtros condicionais.",COMPARABLE_OFFICIAL_ESTIMATE,IBGE_PENSE_2024_TEMA_02,LIN_PENSE2024_D4A514E4488CD576A6F0,27.607693972796213,30.890969136886184,2.8627288839905547,Duas ou mais vezes
manaus,PENSE2024_2_5_07DC4CE97A,PeNSE,brazil,1,27.221902073143237,2024,%,"Base ponderada IBGE do universo/subconjunto explicitado na medida e nas notas oficiais, para a mesma geografia e desagregação. Definição integral: Distribuição percentual de escolares de 13 a 17 anos que se sentiram humilhados por provocações de colegas da escola nos 30 dias anteriores à pesquisa (%) Notas: Nota: Não são apresentados resultados para escolares que deixaram a questão sem resposta. Não reconstruir base numérica nem remover filtros condicionais.",COMPARABLE_OFFICIAL_ESTIMATE,IBGE_PENSE_2024_TEMA_02,LIN_PENSE2024_2EF4515BF410A0F2B4D0,26.63138708874345,27.812417057543026,1.106448831660879,Duas ou mais vezes
manaus,PENSE2024_2_9_11239872D1,PeNSE,municipality,1302603,17.29104968873139,2024,%,"Base ponderada IBGE do universo/subconjunto explicitado na medida e nas notas oficiais, para a mesma geografia e desagregação. Definição integral: Percentual de escolares de 13 a 17 anos que se sentiram ameaçados, ofendidos ou humilhados nas redes sociais ou aplicativo de celular, nos 30 dias anteriores à pesquisa (%) Não reconstruir base numérica nem remover filtros condicionais.",COMPARABLE_OFFICIAL_ESTIMATE,IBGE_PENSE_2024_TEMA_02,LIN_PENSE2024_D5892455A88F78424529,15.500531303737695,19.081568073725087,5.281731324599574,Total
manaus,PENSE2024_2_9_11239872D1,PeNSE,state,13,18.82804837417094,2024,%,"Base ponderada IBGE do universo/subconjunto explicitado na medida e nas notas oficiais, para a mesma geografia e desagregação. Definição integral: Percentual de escolares de 13 a 17 anos que se sentiram ameaçados, ofendidos ou humilhados nas redes sociais ou aplicativo de celular, nos 30 dias anteriores à pesquisa (%) Não reconstruir base numérica nem remover filtros condicionais.",COMPARABLE_OFFICIAL_ESTIMATE,IBGE_PENSE_2024_TEMA_02,LIN_PENSE2024_45172C3EC08D782BE67C,17.220207018132758,20.435889730209123,4.3556880575564945,Total
manaus,PENSE2024_2_9_11239872D1,PeNSE,brazil,1,12.74950608462171,2024,%,"Base ponderada IBGE do universo/subconjunto explicitado na medida e nas notas oficiais, para a mesma geografia e desagregação. Definição integral: Percentual de escolares de 13 a 17 anos que se sentiram ameaçados, ofendidos ou humilhados nas redes sociais ou aplicativo de celular, nos 30 dias anteriores à pesquisa (%) Não reconstruir base numérica nem remover filtros condicionais.",COMPARABLE_OFFICIAL_ESTIMATE,IBGE_PENSE_2024_TEMA_02,LIN_PENSE2024_E5DBCBFFC5A0FFF5C288,12.302466991886327,13.196545177357095,1.7884261936161259,Total
manaus,PENSE2024_9_7_11239872D1,PeNSE,municipality,1302603,16.72314280027516,2024,%,"Base ponderada IBGE do universo/subconjunto explicitado na medida e nas notas oficiais, para a mesma geografia e desagregação. Definição integral: Percentual de escolares de 13 a 17 anos que não compareceram à escola por falta de segurança no caminho de casa para a escola ou da escola para a casa nos 30 dias anteriores à pesquisa (%) Não reconstruir base numérica nem remover filtros condicionais.",COMPARABLE_OFFICIAL_ESTIMATE,IBGE_PENSE_2024_TEMA_09,LIN_PENSE2024_4E062906E9C2D0A512D3,14.750436305563506,18.695849294986814,6.0167706289436085,Total
manaus,PENSE2024_9_7_11239872D1,PeNSE,state,13,17.717231110608353,2024,%,"Base ponderada IBGE do universo/subconjunto explicitado na medida e nas notas oficiais, para a mesma geografia e desagregação. Definição integral: Percentual de escolares de 13 a 17 anos que não compareceram à escola por falta de segurança no caminho de casa para a escola ou da escola para a casa nos 30 dias anteriores à pesquisa (%) Não reconstruir base numérica nem remover filtros condicionais.",COMPARABLE_OFFICIAL_ESTIMATE,IBGE_PENSE_2024_TEMA_09,LIN_PENSE2024_00DEBDCA0C900E899DE7,15.988199297327679,19.446262923889027,4.977668992771546,Total
manaus,PENSE2024_9_7_11239872D1,PeNSE,brazil,1,12.47223506092394,2024,%,"Base ponderada IBGE do universo/subconjunto explicitado na medida e nas notas oficiais, para a mesma geografia e desagregação. Definição integral: Percentual de escolares de 13 a 17 anos que não compareceram à escola por falta de segurança no caminho de casa para a escola ou da escola para a casa nos 30 dias anteriores à pesquisa (%) Não reconstruir base numérica nem remover filtros condicionais.",COMPARABLE_OFFICIAL_ESTIMATE,IBGE_PENSE_2024_TEMA_09,LIN_PENSE2024_B1B5A864F8DC6F8FF15F,11.816110097502127,13.128360024345751,2.6832500972995064,Total
manaus,PENSE2024_12_3_11239872D1,PeNSE,municipality,1302603,34.89153080824658,2024,%,"Base ponderada IBGE do universo/subconjunto explicitado na medida e nas notas oficiais, para a mesma geografia e desagregação. Definição integral: Percentual de escolares de 13 a 17 anos que se sentiram tristes na maioria das vezes ou sempre, nos 30 dias anteriores à pesquisa (%) Não reconstruir base numérica nem remover filtros condicionais.",COMPARABLE_OFFICIAL_ESTIMATE,IBGE_PENSE_2024_TEMA_12,LIN_PENSE2024_5BFB64CC3562F74403B5,32.579624732234805,37.20343688425835,3.3796291089131167,Total
manaus,PENSE2024_12_3_11239872D1,PeNSE,state,13,33.24584828001157,2024,%,"Base ponderada IBGE do universo/subconjunto explicitado na medida e nas notas oficiais, para a mesma geografia e desagregação. Definição integral: Percentual de escolares de 13 a 17 anos que se sentiram tristes na maioria das vezes ou sempre, nos 30 dias anteriores à pesquisa (%) Não reconstruir base numérica nem remover filtros condicionais.",COMPARABLE_OFFICIAL_ESTIMATE,IBGE_PENSE_2024_TEMA_12,LIN_PENSE2024_CB156C793AC28D737FF0,31.61493714737692,34.87675941264622,2.502140878083496,Total
manaus,PENSE2024_12_3_11239872D1,PeNSE,brazil,1,28.850215137775237,2024,%,"Base ponderada IBGE do universo/subconjunto explicitado na medida e nas notas oficiais, para a mesma geografia e desagregação. Definição integral: Percentual de escolares de 13 a 17 anos que se sentiram tristes na maioria das vezes ou sempre, nos 30 dias anteriores à pesquisa (%) Não reconstruir base numérica nem remover filtros condicionais.",COMPARABLE_OFFICIAL_ESTIMATE,IBGE_PENSE_2024_TEMA_12,LIN_PENSE2024_7E541C97872227AD7F68,28.16288954618306,29.537540729367414,1.2151568460325934,Total
manaus,PENSE2024_8_4_11239872D1,PeNSE,municipality,1302603,62.28021928897649,2024,%,"Escolares de 13 a 17 anos que já tiveram relação sexual, no recorte publicado de sexo/dependência e geografia; base ponderada IBGE, não total populacional.",COMPARABLE_OFFICIAL_ESTIMATE,IBGE_PENSE_2024_TEMA_08,LIN_PENSE2024_20290877679F105A8BF0,58.66209158845679,65.89834698949619,2.9631431819536984,Total
manaus,PENSE2024_8_4_11239872D1,PeNSE,state,13,61.95552297574253,2024,%,"Escolares de 13 a 17 anos que já tiveram relação sexual, no recorte publicado de sexo/dependência e geografia; base ponderada IBGE, não total populacional.",COMPARABLE_OFFICIAL_ESTIMATE,IBGE_PENSE_2024_TEMA_08,LIN_PENSE2024_DB748A7A9032271A3795,58.85733664566479,65.05370930582028,2.5506236698624427,Total
manaus,PENSE2024_8_4_11239872D1,PeNSE,brazil,1,57.192945441554585,2024,%,"Escolares de 13 a 17 anos que já tiveram relação sexual, no recorte publicado de sexo/dependência e geografia; base ponderada IBGE, não total populacional.",COMPARABLE_OFFICIAL_ESTIMATE,IBGE_PENSE_2024_TEMA_08,LIN_PENSE2024_C4C0B1C1B33824799596,56.04620454107608,58.33968634203309,1.0226846061408275,Total
manaus,PENSE2024_3_17_11239872D1,PeNSE,municipality,1302603,61.539442212439475,2024,%,"Base ponderada IBGE do universo/subconjunto explicitado na medida e nas notas oficiais, para a mesma geografia e desagregação. Definição integral: Percentual de escolares de 13 a 17 anos com consumo habitual de café da manhã (%) Notas: Nota: A denominação ""consumo habitual de café da manhã"" refere-se ao consumo semanal igual ou superior a cinco dias. Não reconstruir base numérica nem remover filtros condicionais.",COMPARABLE_OFFICIAL_ESTIMATE,IBGE_PENSE_2024_TEMA_03,LIN_PENSE2024_B1257BF6F5A3E7937238,58.253676946540715,64.82520747833824,2.7233399583821236,Total
manaus,PENSE2024_3_17_11239872D1,PeNSE,state,13,67.12493105617035,2024,%,"Base ponderada IBGE do universo/subconjunto explicitado na medida e nas notas oficiais, para a mesma geografia e desagregação. Definição integral: Percentual de escolares de 13 a 17 anos com consumo habitual de café da manhã (%) Notas: Nota: A denominação ""consumo habitual de café da manhã"" refere-se ao consumo semanal igual ou superior a cinco dias. Não reconstruir base numérica nem remover filtros condicionais.",COMPARABLE_OFFICIAL_ESTIMATE,IBGE_PENSE_2024_TEMA_03,LIN_PENSE2024_8B417C7672A6D50BC387,64.75461120136553,69.49525091097517,1.801117231656197,Total
manaus,PENSE2024_3_17_11239872D1,PeNSE,brazil,1,59.615719478909305,2024,%,"Base ponderada IBGE do universo/subconjunto explicitado na medida e nas notas oficiais, para a mesma geografia e desagregação. Definição integral: Percentual de escolares de 13 a 17 anos com consumo habitual de café da manhã (%) Notas: Nota: A denominação ""consumo habitual de café da manhã"" refere-se ao consumo semanal igual ou superior a cinco dias. Não reconstruir base numérica nem remover filtros condicionais.",COMPARABLE_OFFICIAL_ESTIMATE,IBGE_PENSE_2024_TEMA_03,LIN_PENSE2024_C8ED393D83522A10BC91,58.79954021386726,60.43189874395135,0.6983025809657853,Total
manaus,PENSE2024_4_6_11239872D1,PeNSE,municipality,1302603,28.020551498301135,2024,%,"Base ponderada IBGE do universo/subconjunto explicitado na medida e nas notas oficiais, para a mesma geografia e desagregação. Definição integral: Percentual de escolares de 13 a 17 anos fisicamente ativos com base na atividade física acumulada nos sete dias anteriores à pesquisa (%) Notas: Notas: Compõem esse indicador o número de dias e o tempo que os escolares gastam para ir e voltar da escola, nas aulas de educação física ou em outras atividades extraescolares nos sete dias anteriores à pesquisa. Não reconstruir base numérica nem remover filtros condicionais.",COMPARABLE_OFFICIAL_ESTIMATE,IBGE_PENSE_2024_TEMA_04,LIN_PENSE2024_5288BFBB5A025EEC4DF9,25.812441104441035,30.228661892161234,4.019416238685858,Total
manaus,PENSE2024_4_6_11239872D1,PeNSE,state,13,27.170365868868576,2024,%,"Base ponderada IBGE do universo/subconjunto explicitado na medida e nas notas oficiais, para a mesma geografia e desagregação. Definição integral: Percentual de escolares de 13 a 17 anos fisicamente ativos com base na atividade física acumulada nos sete dias anteriores à pesquisa (%) Notas: Notas: Compõem esse indicador o número de dias e o tempo que os escolares gastam para ir e voltar da escola, nas aulas de educação física ou em outras atividades extraescolares nos sete dias anteriores à pesquisa. Não reconstruir base numérica nem remover filtros condicionais.",COMPARABLE_OFFICIAL_ESTIMATE,IBGE_PENSE_2024_TEMA_04,LIN_PENSE2024_6DACA7965509424C3336,24.77424957282834,29.566482164908813,4.498122573634558,Total
manaus,PENSE2024_4_6_11239872D1,PeNSE,brazil,1,30.55727207455909,2024,%,"Base ponderada IBGE do universo/subconjunto explicitado na medida e nas notas oficiais, para a mesma geografia e desagregação. Definição integral: Percentual de escolares de 13 a 17 anos fisicamente ativos com base na atividade física acumulada nos sete dias anteriores à pesquisa (%) Notas: Notas: Compõem esse indicador o número de dias e o tempo que os escolares gastam para ir e voltar da escola, nas aulas de educação física ou em outras atividades extraescolares nos sete dias anteriores à pesquisa. Não reconstruir base numérica nem remover filtros condicionais.",COMPARABLE_OFFICIAL_ESTIMATE,IBGE_PENSE_2024_TEMA_04,LIN_PENSE2024_BE69D66C16574A354EC1,29.768785394092074,31.345758755026107,1.3161296098310349,Total
manaus,PENSE2024_6_5_11239872D1,PeNSE,municipality,1302603,14.284996315876137,2024,%,"Base ponderada IBGE do universo/subconjunto explicitado na medida e nas notas oficiais, para a mesma geografia e desagregação. Definição integral: Percentual de escolares de 13 a 17 anos que consumiram bebidas alcoólicas pelo menos um dia nos 30 dias anteriores à pesquisa (%) Não reconstruir base numérica nem remover filtros condicionais.",COMPARABLE_OFFICIAL_ESTIMATE,IBGE_PENSE_2024_TEMA_06,LIN_PENSE2024_BA119E3F74E07D1D1429,11.95036246912049,16.619630162631786,8.33599651297182,Total
manaus,PENSE2024_6_5_11239872D1,PeNSE,state,13,14.522158023222671,2024,%,"Base ponderada IBGE do universo/subconjunto explicitado na medida e nas notas oficiais, para a mesma geografia e desagregação. Definição integral: Percentual de escolares de 13 a 17 anos que consumiram bebidas alcoólicas pelo menos um dia nos 30 dias anteriores à pesquisa (%) Não reconstruir base numérica nem remover filtros condicionais.",COMPARABLE_OFFICIAL_ESTIMATE,IBGE_PENSE_2024_TEMA_06,LIN_PENSE2024_C43B247452E82D4F1EA3,12.307724020906786,16.736592025538556,7.77768701653495,Total
manaus,PENSE2024_6_5_11239872D1,PeNSE,brazil,1,20.389985623812173,2024,%,"Base ponderada IBGE do universo/subconjunto explicitado na medida e nas notas oficiais, para a mesma geografia e desagregação. Definição integral: Percentual de escolares de 13 a 17 anos que consumiram bebidas alcoólicas pelo menos um dia nos 30 dias anteriores à pesquisa (%) Não reconstruir base numérica nem remover filtros condicionais.",COMPARABLE_OFFICIAL_ESTIMATE,IBGE_PENSE_2024_TEMA_06,LIN_PENSE2024_10E1D3FA80DDD24FC7DB,19.747568336188877,21.03240291143547,1.6070122204325952,Total
manaus,PENSE2024_9_16_11239872D1,PeNSE,municipality,1302603,23.916808309817018,2024,%,"Base ponderada IBGE do universo/subconjunto explicitado na medida e nas notas oficiais, para a mesma geografia e desagregação. Definição integral: Percentual de escolares de 13 a 17 anos que foram agredidos fisicamente alguma vez pela mãe, pai ou responsável nos 12 meses anteriores à pesquisa (%) Não reconstruir base numérica nem remover filtros condicionais.",COMPARABLE_OFFICIAL_ESTIMATE,IBGE_PENSE_2024_TEMA_09,LIN_PENSE2024_7449A8F38797853D4ED4,21.842075916399956,25.99154070323408,4.4246379968462595,Total
manaus,PENSE2024_9_16_11239872D1,PeNSE,state,13,23.034036131224987,2024,%,"Base ponderada IBGE do universo/subconjunto explicitado na medida e nas notas oficiais, para a mesma geografia e desagregação. Definição integral: Percentual de escolares de 13 a 17 anos que foram agredidos fisicamente alguma vez pela mãe, pai ou responsável nos 12 meses anteriores à pesquisa (%) Não reconstruir base numérica nem remover filtros condicionais.",COMPARABLE_OFFICIAL_ESTIMATE,IBGE_PENSE_2024_TEMA_09,LIN_PENSE2024_706CA6472D50EEAD29D3,21.287966888798522,24.780105373651452,3.8664313003707154,Total
manaus,PENSE2024_9_16_11239872D1,PeNSE,brazil,1,20.039433329081714,2024,%,"Base ponderada IBGE do universo/subconjunto explicitado na medida e nas notas oficiais, para a mesma geografia e desagregação. Definição integral: Percentual de escolares de 13 a 17 anos que foram agredidos fisicamente alguma vez pela mãe, pai ou responsável nos 12 meses anteriores à pesquisa (%) Não reconstruir base numérica nem remover filtros condicionais.",COMPARABLE_OFFICIAL_ESTIMATE,IBGE_PENSE_2024_TEMA_09,LIN_PENSE2024_62D2E9C9DC6E297B8BBC,19.500683552972735,20.578183105190693,1.3712623301950004,Total
manaus,PENSE2024_9_19_11239872D1,PeNSE,municipality,1302603,22.198486023913258,2024,%,"Base ponderada IBGE do universo/subconjunto explicitado na medida e nas notas oficiais, para a mesma geografia e desagregação. Definição integral: Percentual de escolares de 13 a 17 anos que alguma vez na vida alguém o(a) tocou, manipulou, beijou ou expôs partes do corpo contra a sua vontade (%) Não reconstruir base numérica nem remover filtros condicionais.",COMPARABLE_OFFICIAL_ESTIMATE,IBGE_PENSE_2024_TEMA_09,LIN_PENSE2024_6153C7EAE42473B40C46,19.566355193235054,24.83061685459146,6.047877638660167,Total
manaus,PENSE2024_9_19_11239872D1,PeNSE,state,13,22.85715604915311,2024,%,"Base ponderada IBGE do universo/subconjunto explicitado na medida e nas notas oficiais, para a mesma geografia e desagregação. Definição integral: Percentual de escolares de 13 a 17 anos que alguma vez na vida alguém o(a) tocou, manipulou, beijou ou expôs partes do corpo contra a sua vontade (%) Não reconstruir base numérica nem remover filtros condicionais.",COMPARABLE_OFFICIAL_ESTIMATE,IBGE_PENSE_2024_TEMA_09,LIN_PENSE2024_F4D816DE84753E103164,20.840039067637484,24.87427303066874,4.501194419926788,Total
manaus,PENSE2024_9_19_11239872D1,PeNSE,brazil,1,18.484738344683354,2024,%,"Base ponderada IBGE do universo/subconjunto explicitado na medida e nas notas oficiais, para a mesma geografia e desagregação. Definição integral: Percentual de escolares de 13 a 17 anos que alguma vez na vida alguém o(a) tocou, manipulou, beijou ou expôs partes do corpo contra a sua vontade (%) Não reconstruir base numérica nem remover filtros condicionais.",COMPARABLE_OFFICIAL_ESTIMATE,IBGE_PENSE_2024_TEMA_09,LIN_PENSE2024_B50F529654CA3DF0B4A7,17.93997209223982,19.029504597126888,1.5031965413687933,Total
manaus,PENSE2024_3_12_8FDAEECA21,PeNSE,municipality,1302603,60.410356891490586,2024,%,"Base ponderada IBGE do universo/subconjunto explicitado na medida e nas notas oficiais, para a mesma geografia e desagregação. Definição integral: Percentual de escolares de 13 a 17 anos com consumo de alimentos marcadores de alimentação saudável (frutas) no dia anterior à pesquisa por tipo de alimento consumido (%) Notas: Nota: A denominação ""frutas"" contempla (1) mamão, manga ou pequi; (2) laranja, banana, maçã ou abacaxi. Não reconstruir base numérica nem remover filtros condicionais.",COMPARABLE_OFFICIAL_ESTIMATE,IBGE_PENSE_2024_TEMA_03,LIN_PENSE2024_4E3426A2ED87B2C75CF6,58.036205651232166,62.78450813174901,2.0045452270516915,Sem consumo
manaus,PENSE2024_3_12_8FDAEECA21,PeNSE,state,13,55.099780071163174,2024,%,"Base ponderada IBGE do universo/subconjunto explicitado na medida e nas notas oficiais, para a mesma geografia e desagregação. Definição integral: Percentual de escolares de 13 a 17 anos com consumo de alimentos marcadores de alimentação saudável (frutas) no dia anterior à pesquisa por tipo de alimento consumido (%) Notas: Nota: A denominação ""frutas"" contempla (1) mamão, manga ou pequi; (2) laranja, banana, maçã ou abacaxi. Não reconstruir base numérica nem remover filtros condicionais.",COMPARABLE_OFFICIAL_ESTIMATE,IBGE_PENSE_2024_TEMA_03,LIN_PENSE2024_15F02DD7A2086E179FE3,52.012407657777636,58.18715248454871,2.8579724197467486,Sem consumo
manaus,PENSE2024_3_12_8FDAEECA21,PeNSE,brazil,1,51.37291272685919,2024,%,"Base ponderada IBGE do universo/subconjunto explicitado na medida e nas notas oficiais, para a mesma geografia e desagregação. Definição integral: Percentual de escolares de 13 a 17 anos com consumo de alimentos marcadores de alimentação saudável (frutas) no dia anterior à pesquisa por tipo de alimento consumido (%) Notas: Nota: A denominação ""frutas"" contempla (1) mamão, manga ou pequi; (2) laranja, banana, maçã ou abacaxi. Não reconstruir base numérica nem remover filtros condicionais.",COMPARABLE_OFFICIAL_ESTIMATE,IBGE_PENSE_2024_TEMA_03,LIN_PENSE2024_9BD6950B530A46DAEE18,50.69358145044199,52.05224400327639,0.6744756876018566,Sem consumo
manaus,PENSE2024_10_8_11239872D1,PeNSE,municipality,1302603,27.210962233355378,2024,%,"Base ponderada IBGE do universo/subconjunto explicitado na medida e nas notas oficiais, para a mesma geografia e desagregação. Definição integral: Percentual de escolares mulheres de 13 a 17 anos que faltou algum dia de aula por falta de absorvente ou outro item de higiene para absorver o fluxo menstrual nos 12 meses anteriores à pesquisa (%) Não reconstruir base numérica nem remover filtros condicionais.",COMPARABLE_OFFICIAL_ESTIMATE,IBGE_PENSE_2024_TEMA_10,LIN_PENSE2024_7DC7AFFED85F91BA41B7,23.521616569240404,30.900307897470352,6.915511808375041,Total
manaus,PENSE2024_10_8_11239872D1,PeNSE,state,13,27.911910719066753,2024,%,"Base ponderada IBGE do universo/subconjunto explicitado na medida e nas notas oficiais, para a mesma geografia e desagregação. Definição integral: Percentual de escolares mulheres de 13 a 17 anos que faltou algum dia de aula por falta de absorvente ou outro item de higiene para absorver o fluxo menstrual nos 12 meses anteriores à pesquisa (%) Não reconstruir base numérica nem remover filtros condicionais.",COMPARABLE_OFFICIAL_ESTIMATE,IBGE_PENSE_2024_TEMA_10,LIN_PENSE2024_149F8A5F957D67367203,25.301085570025002,30.522735868108505,4.77097454745838,Total
manaus,PENSE2024_10_8_11239872D1,PeNSE,brazil,1,15.281013787559507,2024,%,"Base ponderada IBGE do universo/subconjunto explicitado na medida e nas notas oficiais, para a mesma geografia e desagregação. Definição integral: Percentual de escolares mulheres de 13 a 17 anos que faltou algum dia de aula por falta de absorvente ou outro item de higiene para absorver o fluxo menstrual nos 12 meses anteriores à pesquisa (%) Não reconstruir base numérica nem remover filtros condicionais.",COMPARABLE_OFFICIAL_ESTIMATE,IBGE_PENSE_2024_TEMA_10,LIN_PENSE2024_70862A819E03FD735A27,14.595856006965308,15.966171568153706,2.286953350085371,Total
manaus,PENSE2024_13_8_11239872D1,PeNSE,municipality,1302603,58.07797443234646,2024,%,"Base ponderada IBGE do universo/subconjunto explicitado na medida e nas notas oficiais, para a mesma geografia e desagregação. Definição integral: Percentual de escolares de 13 a 17 anos que foram vacinados(as) contra o vírus Papilomavírus Humano (HPV) (%) Não reconstruir base numérica nem remover filtros condicionais.",COMPARABLE_OFFICIAL_ESTIMATE,IBGE_PENSE_2024_TEMA_13,LIN_PENSE2024_F3FFDE9868EEBB42B4E2,55.756527278994895,60.39942158569802,2.0387605430004583,Total
manaus,PENSE2024_13_8_11239872D1,PeNSE,state,13,62.580735207947654,2024,%,"Base ponderada IBGE do universo/subconjunto explicitado na medida e nas notas oficiais, para a mesma geografia e desagregação. Definição integral: Percentual de escolares de 13 a 17 anos que foram vacinados(as) contra o vírus Papilomavírus Humano (HPV) (%) Não reconstruir base numérica nem remover filtros condicionais.",COMPARABLE_OFFICIAL_ESTIMATE,IBGE_PENSE_2024_TEMA_13,LIN_PENSE2024_B5BCC56A1F6FEAA71605,60.28524099448147,64.87622942141384,1.8709165676157966,Total
manaus,PENSE2024_13_8_11239872D1,PeNSE,brazil,1,54.899013803530515,2024,%,"Base ponderada IBGE do universo/subconjunto explicitado na medida e nas notas oficiais, para a mesma geografia e desagregação. Definição integral: Percentual de escolares de 13 a 17 anos que foram vacinados(as) contra o vírus Papilomavírus Humano (HPV) (%) Não reconstruir base numérica nem remover filtros condicionais.",COMPARABLE_OFFICIAL_ESTIMATE,IBGE_PENSE_2024_TEMA_13,LIN_PENSE2024_B68AC980406D17CC27AF,54.01075209737065,55.78727550969038,0.8252685143645713,Total
manaus,PENSE2024_9_8_11239872D1,PeNSE,municipality,1302603,17.90562605766698,2024,%,"Base ponderada IBGE do universo/subconjunto explicitado na medida e nas notas oficiais, para a mesma geografia e desagregação. Definição integral: Percentual de escolares de 13 a 17 anos que não compareceram à escola por falta de segurança na escola nos 30 dias anteriores à pesquisa (%) Não reconstruir base numérica nem remover filtros condicionais.",COMPARABLE_OFFICIAL_ESTIMATE,IBGE_PENSE_2024_TEMA_09,LIN_PENSE2024_BDA4CE151220B46E257F,15.982373106999173,19.828879008334784,5.478551853205853,Total
manaus,PENSE2024_9_8_11239872D1,PeNSE,state,13,17.381516146859326,2024,%,"Base ponderada IBGE do universo/subconjunto explicitado na medida e nas notas oficiais, para a mesma geografia e desagregação. Definição integral: Percentual de escolares de 13 a 17 anos que não compareceram à escola por falta de segurança na escola nos 30 dias anteriores à pesquisa (%) Não reconstruir base numérica nem remover filtros condicionais.",COMPARABLE_OFFICIAL_ESTIMATE,IBGE_PENSE_2024_TEMA_09,LIN_PENSE2024_5B7063A6DFCC510DD7E4,15.81968407166913,18.943348222049522,4.583165720244628,Total
manaus,PENSE2024_9_8_11239872D1,PeNSE,brazil,1,13.654245710318131,2024,%,"Base ponderada IBGE do universo/subconjunto explicitado na medida e nas notas oficiais, para a mesma geografia e desagregação. Definição integral: Percentual de escolares de 13 a 17 anos que não compareceram à escola por falta de segurança na escola nos 30 dias anteriores à pesquisa (%) Não reconstruir base numérica nem remover filtros condicionais.",COMPARABLE_OFFICIAL_ESTIMATE,IBGE_PENSE_2024_TEMA_09,LIN_PENSE2024_B0B432398D08646E893D,12.977412218512645,14.331079202123616,2.528325626058975,Total
sao_luis,PENSE2024_2_5_07DC4CE97A,PeNSE,municipality,2111300,27.718432373882845,2024,%,"Base ponderada IBGE do universo/subconjunto explicitado na medida e nas notas oficiais, para a mesma geografia e desagregação. Definição integral: Distribuição percentual de escolares de 13 a 17 anos que se sentiram humilhados por provocações de colegas da escola nos 30 dias anteriores à pesquisa (%) Notas: Nota: Não são apresentados resultados para escolares que deixaram a questão sem resposta. Não reconstruir base numérica nem remover filtros condicionais.",COMPARABLE_OFFICIAL_ESTIMATE,IBGE_PENSE_2024_TEMA_02,LIN_PENSE2024_D4D94BC2FD935C55CE30,25.455571479533027,29.981293268232662,4.163974601129475,Duas ou mais vezes
sao_luis,PENSE2024_2_5_07DC4CE97A,PeNSE,state,21,26.4309631214725,2024,%,"Base ponderada IBGE do universo/subconjunto explicitado na medida e nas notas oficiais, para a mesma geografia e desagregação. Definição integral: Distribuição percentual de escolares de 13 a 17 anos que se sentiram humilhados por provocações de colegas da escola nos 30 dias anteriores à pesquisa (%) Notas: Nota: Não são apresentados resultados para escolares que deixaram a questão sem resposta. Não reconstruir base numérica nem remover filtros condicionais.",COMPARABLE_OFFICIAL_ESTIMATE,IBGE_PENSE_2024_TEMA_02,LIN_PENSE2024_2F2F323770A5E48F8525,24.337240997888973,28.52468524505603,4.040405306959064,Duas ou mais vezes
sao_luis,PENSE2024_2_5_07DC4CE97A,PeNSE,brazil,1,27.221902073143237,2024,%,"Base ponderada IBGE do universo/subconjunto explicitado na medida e nas notas oficiais, para a mesma geografia e desagregação. Definição integral: Distribuição percentual de escolares de 13 a 17 anos que se sentiram humilhados por provocações de colegas da escola nos 30 dias anteriores à pesquisa (%) Notas: Nota: Não são apresentados resultados para escolares que deixaram a questão sem resposta. Não reconstruir base numérica nem remover filtros condicionais.",COMPARABLE_OFFICIAL_ESTIMATE,IBGE_PENSE_2024_TEMA_02,LIN_PENSE2024_2EF4515BF410A0F2B4D0,26.63138708874345,27.812417057543026,1.106448831660879,Duas ou mais vezes
sao_luis,PENSE2024_2_9_11239872D1,PeNSE,municipality,2111300,14.70515054799911,2024,%,"Base ponderada IBGE do universo/subconjunto explicitado na medida e nas notas oficiais, para a mesma geografia e desagregação. Definição integral: Percentual de escolares de 13 a 17 anos que se sentiram ameaçados, ofendidos ou humilhados nas redes sociais ou aplicativo de celular, nos 30 dias anteriores à pesquisa (%) Não reconstruir base numérica nem remover filtros condicionais.",COMPARABLE_OFFICIAL_ESTIMATE,IBGE_PENSE_2024_TEMA_02,LIN_PENSE2024_F26BFA07705E49FDBACE,12.461766719178529,16.948534376819694,7.781314871306839,Total
sao_luis,PENSE2024_2_9_11239872D1,PeNSE,state,21,16.776956979941488,2024,%,"Base ponderada IBGE do universo/subconjunto explicitado na medida e nas notas oficiais, para a mesma geografia e desagregação. Definição integral: Percentual de escolares de 13 a 17 anos que se sentiram ameaçados, ofendidos ou humilhados nas redes sociais ou aplicativo de celular, nos 30 dias anteriores à pesquisa (%) Não reconstruir base numérica nem remover filtros condicionais.",COMPARABLE_OFFICIAL_ESTIMATE,IBGE_PENSE_2024_TEMA_02,LIN_PENSE2024_3B0416B6D60B941B076A,14.931231227746453,18.622682732136525,5.611421092807019,Total
sao_luis,PENSE2024_2_9_11239872D1,PeNSE,brazil,1,12.74950608462171,2024,%,"Base ponderada IBGE do universo/subconjunto explicitado na medida e nas notas oficiais, para a mesma geografia e desagregação. Definição integral: Percentual de escolares de 13 a 17 anos que se sentiram ameaçados, ofendidos ou humilhados nas redes sociais ou aplicativo de celular, nos 30 dias anteriores à pesquisa (%) Não reconstruir base numérica nem remover filtros condicionais.",COMPARABLE_OFFICIAL_ESTIMATE,IBGE_PENSE_2024_TEMA_02,LIN_PENSE2024_E5DBCBFFC5A0FFF5C288,12.302466991886327,13.196545177357095,1.7884261936161259,Total
sao_luis,PENSE2024_9_7_11239872D1,PeNSE,municipality,2111300,13.575278594271367,2024,%,"Base ponderada IBGE do universo/subconjunto explicitado na medida e nas notas oficiais, para a mesma geografia e desagregação. Definição integral: Percentual de escolares de 13 a 17 anos que não compareceram à escola por falta de segurança no caminho de casa para a escola ou da escola para a casa nos 30 dias anteriores à pesquisa (%) Não reconstruir base numérica nem remover filtros condicionais.",COMPARABLE_OFFICIAL_ESTIMATE,IBGE_PENSE_2024_TEMA_09,LIN_PENSE2024_AD8831A316ABEBD10352,11.310737941948853,15.839819246593882,8.508446058775766,Total
sao_luis,PENSE2024_9_7_11239872D1,PeNSE,state,21,13.148823773854033,2024,%,"Base ponderada IBGE do universo/subconjunto explicitado na medida e nas notas oficiais, para a mesma geografia e desagregação. Definição integral: Percentual de escolares de 13 a 17 anos que não compareceram à escola por falta de segurança no caminho de casa para a escola ou da escola para a casa nos 30 dias anteriores à pesquisa (%) Não reconstruir base numérica nem remover filtros condicionais.",COMPARABLE_OFFICIAL_ESTIMATE,IBGE_PENSE_2024_TEMA_09,LIN_PENSE2024_DE2B59105B06E9307160,11.254842274104275,15.042805273603792,7.346960539072075,Total
sao_luis,PENSE2024_9_7_11239872D1,PeNSE,brazil,1,12.47223506092394,2024,%,"Base ponderada IBGE do universo/subconjunto explicitado na medida e nas notas oficiais, para a mesma geografia e desagregação. Definição integral: Percentual de escolares de 13 a 17 anos que não compareceram à escola por falta de segurança no caminho de casa para a escola ou da escola para a casa nos 30 dias anteriores à pesquisa (%) Não reconstruir base numérica nem remover filtros condicionais.",COMPARABLE_OFFICIAL_ESTIMATE,IBGE_PENSE_2024_TEMA_09,LIN_PENSE2024_B1B5A864F8DC6F8FF15F,11.816110097502127,13.128360024345751,2.6832500972995064,Total
sao_luis,PENSE2024_12_3_11239872D1,PeNSE,municipality,2111300,32.61018350094109,2024,%,"Base ponderada IBGE do universo/subconjunto explicitado na medida e nas notas oficiais, para a mesma geografia e desagregação. Definição integral: Percentual de escolares de 13 a 17 anos que se sentiram tristes na maioria das vezes ou sempre, nos 30 dias anteriores à pesquisa (%) Não reconstruir base numérica nem remover filtros condicionais.",COMPARABLE_OFFICIAL_ESTIMATE,IBGE_PENSE_2024_TEMA_12,LIN_PENSE2024_77F783B25D0A0B772233,29.049163298424105,36.171203703458076,5.569806073563929,Total
sao_luis,PENSE2024_12_3_11239872D1,PeNSE,state,21,28.735489901551453,2024,%,"Base ponderada IBGE do universo/subconjunto explicitado na medida e nas notas oficiais, para a mesma geografia e desagregação. Definição integral: Percentual de escolares de 13 a 17 anos que se sentiram tristes na maioria das vezes ou sempre, nos 30 dias anteriores à pesquisa (%) Não reconstruir base numérica nem remover filtros condicionais.",COMPARABLE_OFFICIAL_ESTIMATE,IBGE_PENSE_2024_TEMA_12,LIN_PENSE2024_1388376D17FB38478BF7,26.824986183563507,30.6459936195394,3.3911590638285305,Total
sao_luis,PENSE2024_12_3_11239872D1,PeNSE,brazil,1,28.850215137775237,2024,%,"Base ponderada IBGE do universo/subconjunto explicitado na medida e nas notas oficiais, para a mesma geografia e desagregação. Definição integral: Percentual de escolares de 13 a 17 anos que se sentiram tristes na maioria das vezes ou sempre, nos 30 dias anteriores à pesquisa (%) Não reconstruir base numérica nem remover filtros condicionais.",COMPARABLE_OFFICIAL_ESTIMATE,IBGE_PENSE_2024_TEMA_12,LIN_PENSE2024_7E541C97872227AD7F68,28.16288954618306,29.537540729367414,1.2151568460325934,Total
sao_luis,PENSE2024_8_4_11239872D1,PeNSE,municipality,2111300,51.18398134027336,2024,%,"Escolares de 13 a 17 anos que já tiveram relação sexual, no recorte publicado de sexo/dependência e geografia; base ponderada IBGE, não total populacional.",COMPARABLE_OFFICIAL_ESTIMATE,IBGE_PENSE_2024_TEMA_08,LIN_PENSE2024_A722573ECA36EAE68E91,45.41524802375654,56.952714656790185,5.748642184192264,Total
sao_luis,PENSE2024_8_4_11239872D1,PeNSE,state,21,59.818186010010244,2024,%,"Escolares de 13 a 17 anos que já tiveram relação sexual, no recorte publicado de sexo/dependência e geografia; base ponderada IBGE, não total populacional.",COMPARABLE_OFFICIAL_ESTIMATE,IBGE_PENSE_2024_TEMA_08,LIN_PENSE2024_EB0836F57347C94DC96F,55.391364997994756,64.24500702202573,3.7746579518355077,Total
sao_luis,PENSE2024_8_4_11239872D1,PeNSE,brazil,1,57.192945441554585,2024,%,"Escolares de 13 a 17 anos que já tiveram relação sexual, no recorte publicado de sexo/dependência e geografia; base ponderada IBGE, não total populacional.",COMPARABLE_OFFICIAL_ESTIMATE,IBGE_PENSE_2024_TEMA_08,LIN_PENSE2024_C4C0B1C1B33824799596,56.04620454107608,58.33968634203309,1.0226846061408275,Total
sao_luis,PENSE2024_3_17_11239872D1,PeNSE,municipality,2111300,66.80566775934034,2024,%,"Base ponderada IBGE do universo/subconjunto explicitado na medida e nas notas oficiais, para a mesma geografia e desagregação. Definição integral: Percentual de escolares de 13 a 17 anos com consumo habitual de café da manhã (%) Notas: Nota: A denominação ""consumo habitual de café da manhã"" refere-se ao consumo semanal igual ou superior a cinco dias. Não reconstruir base numérica nem remover filtros condicionais.",COMPARABLE_OFFICIAL_ESTIMATE,IBGE_PENSE_2024_TEMA_03,LIN_PENSE2024_47F304E5B6046F9A5E0E,64.06047755552291,69.55085796315777,2.095935968051052,Total
sao_luis,PENSE2024_3_17_11239872D1,PeNSE,state,21,75.87385788209379,2024,%,"Base ponderada IBGE do universo/subconjunto explicitado na medida e nas notas oficiais, para a mesma geografia e desagregação. Definição integral: Percentual de escolares de 13 a 17 anos com consumo habitual de café da manhã (%) Notas: Nota: A denominação ""consumo habitual de café da manhã"" refere-se ao consumo semanal igual ou superior a cinco dias. Não reconstruir base numérica nem remover filtros condicionais.",COMPARABLE_OFFICIAL_ESTIMATE,IBGE_PENSE_2024_TEMA_03,LIN_PENSE2024_151DFDEA7360E8C4C231,73.18547661073262,78.56223915345495,1.8072472557936858,Total
sao_luis,PENSE2024_3_17_11239872D1,PeNSE,brazil,1,59.615719478909305,2024,%,"Base ponderada IBGE do universo/subconjunto explicitado na medida e nas notas oficiais, para a mesma geografia e desagregação. Definição integral: Percentual de escolares de 13 a 17 anos com consumo habitual de café da manhã (%) Notas: Nota: A denominação ""consumo habitual de café da manhã"" refere-se ao consumo semanal igual ou superior a cinco dias. Não reconstruir base numérica nem remover filtros condicionais.",COMPARABLE_OFFICIAL_ESTIMATE,IBGE_PENSE_2024_TEMA_03,LIN_PENSE2024_C8ED393D83522A10BC91,58.79954021386726,60.43189874395135,0.6983025809657853,Total
sao_luis,PENSE2024_4_6_11239872D1,PeNSE,municipality,2111300,28.486431627258817,2024,%,"Base ponderada IBGE do universo/subconjunto explicitado na medida e nas notas oficiais, para a mesma geografia e desagregação. Definição integral: Percentual de escolares de 13 a 17 anos fisicamente ativos com base na atividade física acumulada nos sete dias anteriores à pesquisa (%) Notas: Notas: Compõem esse indicador o número de dias e o tempo que os escolares gastam para ir e voltar da escola, nas aulas de educação física ou em outras atividades extraescolares nos sete dias anteriores à pesquisa. Não reconstruir base numérica nem remover filtros condicionais.",COMPARABLE_OFFICIAL_ESTIMATE,IBGE_PENSE_2024_TEMA_04,LIN_PENSE2024_67C6BCB7981E186D7A25,24.729419610010147,32.24344364450749,6.727030755808486,Total
sao_luis,PENSE2024_4_6_11239872D1,PeNSE,state,21,27.178128477124538,2024,%,"Base ponderada IBGE do universo/subconjunto explicitado na medida e nas notas oficiais, para a mesma geografia e desagregação. Definição integral: Percentual de escolares de 13 a 17 anos fisicamente ativos com base na atividade física acumulada nos sete dias anteriores à pesquisa (%) Notas: Notas: Compõem esse indicador o número de dias e o tempo que os escolares gastam para ir e voltar da escola, nas aulas de educação física ou em outras atividades extraescolares nos sete dias anteriores à pesquisa. Não reconstruir base numérica nem remover filtros condicionais.",COMPARABLE_OFFICIAL_ESTIMATE,IBGE_PENSE_2024_TEMA_04,LIN_PENSE2024_7846F977BD160517CF8F,24.214562299601305,30.14169465464777,5.561781994930257,Total
sao_luis,PENSE2024_4_6_11239872D1,PeNSE,brazil,1,30.55727207455909,2024,%,"Base ponderada IBGE do universo/subconjunto explicitado na medida e nas notas oficiais, para a mesma geografia e desagregação. Definição integral: Percentual de escolares de 13 a 17 anos fisicamente ativos com base na atividade física acumulada nos sete dias anteriores à pesquisa (%) Notas: Notas: Compõem esse indicador o número de dias e o tempo que os escolares gastam para ir e voltar da escola, nas aulas de educação física ou em outras atividades extraescolares nos sete dias anteriores à pesquisa. Não reconstruir base numérica nem remover filtros condicionais.",COMPARABLE_OFFICIAL_ESTIMATE,IBGE_PENSE_2024_TEMA_04,LIN_PENSE2024_BE69D66C16574A354EC1,29.768785394092074,31.345758755026107,1.3161296098310349,Total
sao_luis,PENSE2024_6_5_11239872D1,PeNSE,municipality,2111300,16.451414169964046,2024,%,"Base ponderada IBGE do universo/subconjunto explicitado na medida e nas notas oficiais, para a mesma geografia e desagregação. Definição integral: Percentual de escolares de 13 a 17 anos que consumiram bebidas alcoólicas pelo menos um dia nos 30 dias anteriores à pesquisa (%) Não reconstruir base numérica nem remover filtros condicionais.",COMPARABLE_OFFICIAL_ESTIMATE,IBGE_PENSE_2024_TEMA_06,LIN_PENSE2024_B1AC2C6CE649CFE4D867,13.147457820399149,19.755370519528945,10.243537094518821,Total
sao_luis,PENSE2024_6_5_11239872D1,PeNSE,state,,,2024,%,"Base ponderada IBGE do universo/subconjunto explicitado na medida e nas notas oficiais, para a mesma geografia e desagregação. Definição integral: Percentual de escolares de 13 a 17 anos que consumiram bebidas alcoólicas pelo menos um dia nos 30 dias anteriores à pesquisa (%) Não reconstruir base numérica nem remover filtros condicionais.",NOT_COMPARABLE_OR_QUALITY_INSUFFICIENT,,,,,,Total
sao_luis,PENSE2024_6_5_11239872D1,PeNSE,brazil,1,20.389985623812173,2024,%,"Base ponderada IBGE do universo/subconjunto explicitado na medida e nas notas oficiais, para a mesma geografia e desagregação. Definição integral: Percentual de escolares de 13 a 17 anos que consumiram bebidas alcoólicas pelo menos um dia nos 30 dias anteriores à pesquisa (%) Não reconstruir base numérica nem remover filtros condicionais.",COMPARABLE_OFFICIAL_ESTIMATE,IBGE_PENSE_2024_TEMA_06,LIN_PENSE2024_10E1D3FA80DDD24FC7DB,19.747568336188877,21.03240291143547,1.6070122204325952,Total
sao_luis,PENSE2024_2_4_92B62A2838,PeNSE,municipality,2111300,64.72859172930022,2024,%,"Base ponderada IBGE do universo/subconjunto explicitado na medida e nas notas oficiais, para a mesma geografia e desagregação. Definição integral: Distribuição percentual de escolares de 13 a 17 anos cujos colegas de escola os trataram bem e/ou foram prestativos com eles nos 30 dias anteriores à pesquisa (%) Notas: Nota: Não são apresentados resultados para escolares que deixaram a questão sem resposta. Não reconstruir base numérica nem remover filtros condicionais.",COMPARABLE_OFFICIAL_ESTIMATE,IBGE_PENSE_2024_TEMA_02,LIN_PENSE2024_7E3BA4A93238D70498C5,61.495147251031426,67.96203620756901,2.54793373626294,Na maioria das vezes ou sempre
sao_luis,PENSE2024_2_4_92B62A2838,PeNSE,state,21,52.44882245132858,2024,%,"Base ponderada IBGE do universo/subconjunto explicitado na medida e nas notas oficiais, para a mesma geografia e desagregação. Definição integral: Distribuição percentual de escolares de 13 a 17 anos cujos colegas de escola os trataram bem e/ou foram prestativos com eles nos 30 dias anteriores à pesquisa (%) Notas: Nota: Não são apresentados resultados para escolares que deixaram a questão sem resposta. Não reconstruir base numérica nem remover filtros condicionais.",COMPARABLE_OFFICIAL_ESTIMATE,IBGE_PENSE_2024_TEMA_02,LIN_PENSE2024_1EAD8E55E816D1868B01,49.43666264926513,55.46098225339203,2.929281749894433,Na maioria das vezes ou sempre
sao_luis,PENSE2024_2_4_92B62A2838,PeNSE,brazil,1,61.76770677604118,2024,%,"Base ponderada IBGE do universo/subconjunto explicitado na medida e nas notas oficiais, para a mesma geografia e desagregação. Definição integral: Distribuição percentual de escolares de 13 a 17 anos cujos colegas de escola os trataram bem e/ou foram prestativos com eles nos 30 dias anteriores à pesquisa (%) Notas: Nota: Não são apresentados resultados para escolares que deixaram a questão sem resposta. Não reconstruir base numérica nem remover filtros condicionais.",COMPARABLE_OFFICIAL_ESTIMATE,IBGE_PENSE_2024_TEMA_02,LIN_PENSE2024_77E5C95375632A2AEA65,60.82887392330779,62.70653962877457,0.7752569714128908,Na maioria das vezes ou sempre
sao_luis,PENSE2024_10_8_11239872D1,PeNSE,municipality,2111300,16.231809555655996,2024,%,"Base ponderada IBGE do universo/subconjunto explicitado na medida e nas notas oficiais, para a mesma geografia e desagregação. Definição integral: Percentual de escolares mulheres de 13 a 17 anos que faltou algum dia de aula por falta de absorvente ou outro item de higiene para absorver o fluxo menstrual nos 12 meses anteriores à pesquisa (%) Não reconstruir base numérica nem remover filtros condicionais.",COMPARABLE_OFFICIAL_ESTIMATE,IBGE_PENSE_2024_TEMA_10,LIN_PENSE2024_E392B64668DF300493ED,13.753111075840886,18.710508035471104,7.788891271118874,Total
sao_luis,PENSE2024_10_8_11239872D1,PeNSE,state,21,18.03498691354945,2024,%,"Base ponderada IBGE do universo/subconjunto explicitado na medida e nas notas oficiais, para a mesma geografia e desagregação. Definição integral: Percentual de escolares mulheres de 13 a 17 anos que faltou algum dia de aula por falta de absorvente ou outro item de higiene para absorver o fluxo menstrual nos 12 meses anteriores à pesquisa (%) Não reconstruir base numérica nem remover filtros condicionais.",COMPARABLE_OFFICIAL_ESTIMATE,IBGE_PENSE_2024_TEMA_10,LIN_PENSE2024_76E37201FBD2A3D5E99C,15.563527720516113,20.506446106582786,6.9896671028764334,Total
sao_luis,PENSE2024_10_8_11239872D1,PeNSE,brazil,1,15.281013787559507,2024,%,"Base ponderada IBGE do universo/subconjunto explicitado na medida e nas notas oficiais, para a mesma geografia e desagregação. Definição integral: Percentual de escolares mulheres de 13 a 17 anos que faltou algum dia de aula por falta de absorvente ou outro item de higiene para absorver o fluxo menstrual nos 12 meses anteriores à pesquisa (%) Não reconstruir base numérica nem remover filtros condicionais.",COMPARABLE_OFFICIAL_ESTIMATE,IBGE_PENSE_2024_TEMA_10,LIN_PENSE2024_70862A819E03FD735A27,14.595856006965308,15.966171568153706,2.286953350085371,Total
sao_luis,PENSE2024_4_2_11239872D1,PeNSE,municipality,2111300,34.83156291217413,2024,%,"Base ponderada IBGE do universo/subconjunto explicitado na medida e nas notas oficiais, para a mesma geografia e desagregação. Definição integral: Percentual de escolares de 13 a 17 anos com nenhum dia de aula de educação física na escola nos sete dias anteriores à pesquisa (%) Notas: Nota: Exclusive o tempo em atividades teóricas em sala de aula. Não reconstruir base numérica nem remover filtros condicionais.",COMPARABLE_OFFICIAL_ESTIMATE,IBGE_PENSE_2024_TEMA_04,LIN_PENSE2024_46A3B6DCB840A175DE7B,25.710310170630645,43.95281565371761,13.356738007433602,Total
sao_luis,PENSE2024_4_2_11239872D1,PeNSE,state,21,42.419610554588694,2024,%,"Base ponderada IBGE do universo/subconjunto explicitado na medida e nas notas oficiais, para a mesma geografia e desagregação. Definição integral: Percentual de escolares de 13 a 17 anos com nenhum dia de aula de educação física na escola nos sete dias anteriores à pesquisa (%) Notas: Nota: Exclusive o tempo em atividades teóricas em sala de aula. Não reconstruir base numérica nem remover filtros condicionais.",COMPARABLE_OFFICIAL_ESTIMATE,IBGE_PENSE_2024_TEMA_04,LIN_PENSE2024_137F036624DBAEBC2DD6,35.97729439298168,48.861926716195704,7.746298651742707,Total
sao_luis,PENSE2024_4_2_11239872D1,PeNSE,brazil,1,28.80729868871776,2024,%,"Base ponderada IBGE do universo/subconjunto explicitado na medida e nas notas oficiais, para a mesma geografia e desagregação. Definição integral: Percentual de escolares de 13 a 17 anos com nenhum dia de aula de educação física na escola nos sete dias anteriores à pesquisa (%) Notas: Nota: Exclusive o tempo em atividades teóricas em sala de aula. Não reconstruir base numérica nem remover filtros condicionais.",COMPARABLE_OFFICIAL_ESTIMATE,IBGE_PENSE_2024_TEMA_04,LIN_PENSE2024_67D1197553E066F0A442,27.319108369848212,30.29548900758731,2.6349648057193074,Total
sao_luis,PENSE2024_13_8_11239872D1,PeNSE,municipality,2111300,56.37461662825534,2024,%,"Base ponderada IBGE do universo/subconjunto explicitado na medida e nas notas oficiais, para a mesma geografia e desagregação. Definição integral: Percentual de escolares de 13 a 17 anos que foram vacinados(as) contra o vírus Papilomavírus Humano (HPV) (%) Não reconstruir base numérica nem remover filtros condicionais.",COMPARABLE_OFFICIAL_ESTIMATE,IBGE_PENSE_2024_TEMA_13,LIN_PENSE2024_2F0CD69FC9E8C67B9247,52.592549169936305,60.15668408657437,3.421878214354078,Total
sao_luis,PENSE2024_13_8_11239872D1,PeNSE,state,21,55.01629072288265,2024,%,"Base ponderada IBGE do universo/subconjunto explicitado na medida e nas notas oficiais, para a mesma geografia e desagregação. Definição integral: Percentual de escolares de 13 a 17 anos que foram vacinados(as) contra o vírus Papilomavírus Humano (HPV) (%) Não reconstruir base numérica nem remover filtros condicionais.",COMPARABLE_OFFICIAL_ESTIMATE,IBGE_PENSE_2024_TEMA_13,LIN_PENSE2024_52882D0D7D7B60C775EB,52.17113017857095,57.861451267194354,2.637754366577934,Total
sao_luis,PENSE2024_13_8_11239872D1,PeNSE,brazil,1,54.899013803530515,2024,%,"Base ponderada IBGE do universo/subconjunto explicitado na medida e nas notas oficiais, para a mesma geografia e desagregação. Definição integral: Percentual de escolares de 13 a 17 anos que foram vacinados(as) contra o vírus Papilomavírus Humano (HPV) (%) Não reconstruir base numérica nem remover filtros condicionais.",COMPARABLE_OFFICIAL_ESTIMATE,IBGE_PENSE_2024_TEMA_13,LIN_PENSE2024_B68AC980406D17CC27AF,54.01075209737065,55.78727550969038,0.8252685143645713,Total
sao_luis,PENSE2024_8_9_11239872D1,PeNSE,municipality,2111300,67.55430232010262,2024,%,"Base ponderada IBGE do universo/subconjunto explicitado na medida e nas notas oficiais, para a mesma geografia e desagregação. Definição integral: Percentual de escolares de 13 a 17 anos que receberam orientação na escola sobre prevenção de gravidez (%) Não reconstruir base numérica nem remover filtros condicionais.",COMPARABLE_OFFICIAL_ESTIMATE,IBGE_PENSE_2024_TEMA_08,LIN_PENSE2024_FF8B22AE9D4ABD0673F3,61.851846780579834,73.25675785962541,4.305541447188591,Total
sao_luis,PENSE2024_8_9_11239872D1,PeNSE,state,21,68.59289345827463,2024,%,"Base ponderada IBGE do universo/subconjunto explicitado na medida e nas notas oficiais, para a mesma geografia e desagregação. Definição integral: Percentual de escolares de 13 a 17 anos que receberam orientação na escola sobre prevenção de gravidez (%) Não reconstruir base numérica nem remover filtros condicionais.",COMPARABLE_OFFICIAL_ESTIMATE,IBGE_PENSE_2024_TEMA_08,LIN_PENSE2024_E47B1EA3F309321919E3,64.64478095164336,72.5410059649059,2.9358189968914647,Total
sao_luis,PENSE2024_8_9_11239872D1,PeNSE,brazil,1,66.67664603548816,2024,%,"Base ponderada IBGE do universo/subconjunto explicitado na medida e nas notas oficiais, para a mesma geografia e desagregação. Definição integral: Percentual de escolares de 13 a 17 anos que receberam orientação na escola sobre prevenção de gravidez (%) Não reconstruir base numérica nem remover filtros condicionais.",COMPARABLE_OFFICIAL_ESTIMATE,IBGE_PENSE_2024_TEMA_08,LIN_PENSE2024_49D247130073E1142763,65.44636450146872,67.9069275695076,0.941130046994932,Total
sao_paulo,PENSE2024_2_5_07DC4CE97A,PeNSE,municipality,3550308,28.112848038271345,2024,%,"Base ponderada IBGE do universo/subconjunto explicitado na medida e nas notas oficiais, para a mesma geografia e desagregação. Definição integral: Distribuição percentual de escolares de 13 a 17 anos que se sentiram humilhados por provocações de colegas da escola nos 30 dias anteriores à pesquisa (%) Notas: Nota: Não são apresentados resultados para escolares que deixaram a questão sem resposta. Não reconstruir base numérica nem remover filtros condicionais.",COMPARABLE_OFFICIAL_ESTIMATE,IBGE_PENSE_2024_TEMA_02,LIN_PENSE2024_2F8E7E44BCE09C407D2C,25.866365876122785,30.359330200419905,4.075838890783239,Duas ou mais vezes
sao_paulo,PENSE2024_2_5_07DC4CE97A,PeNSE,state,35,27.12638356267052,2024,%,"Base ponderada IBGE do universo/subconjunto explicitado na medida e nas notas oficiais, para a mesma geografia e desagregação. Definição integral: Distribuição percentual de escolares de 13 a 17 anos que se sentiram humilhados por provocações de colegas da escola nos 30 dias anteriores à pesquisa (%) Notas: Nota: Não são apresentados resultados para escolares que deixaram a questão sem resposta. Não reconstruir base numérica nem remover filtros condicionais.",COMPARABLE_OFFICIAL_ESTIMATE,IBGE_PENSE_2024_TEMA_02,LIN_PENSE2024_A031291C3320920BF9F2,25.324600032504794,28.928167092836244,3.3878922857645004,Duas ou mais vezes
sao_paulo,PENSE2024_2_5_07DC4CE97A,PeNSE,brazil,1,27.221902073143237,2024,%,"Base ponderada IBGE do universo/subconjunto explicitado na medida e nas notas oficiais, para a mesma geografia e desagregação. Definição integral: Distribuição percentual de escolares de 13 a 17 anos que se sentiram humilhados por provocações de colegas da escola nos 30 dias anteriores à pesquisa (%) Notas: Nota: Não são apresentados resultados para escolares que deixaram a questão sem resposta. Não reconstruir base numérica nem remover filtros condicionais.",COMPARABLE_OFFICIAL_ESTIMATE,IBGE_PENSE_2024_TEMA_02,LIN_PENSE2024_2EF4515BF410A0F2B4D0,26.63138708874345,27.812417057543026,1.106448831660879,Duas ou mais vezes
sao_paulo,PENSE2024_2_9_11239872D1,PeNSE,municipality,3550308,10.869857930349244,2024,%,"Base ponderada IBGE do universo/subconjunto explicitado na medida e nas notas oficiais, para a mesma geografia e desagregação. Definição integral: Percentual de escolares de 13 a 17 anos que se sentiram ameaçados, ofendidos ou humilhados nas redes sociais ou aplicativo de celular, nos 30 dias anteriores à pesquisa (%) Não reconstruir base numérica nem remover filtros condicionais.",COMPARABLE_OFFICIAL_ESTIMATE,IBGE_PENSE_2024_TEMA_02,LIN_PENSE2024_FCCFDD4289C96DB8F20C,9.070284390976564,12.669431469721925,8.444318594593481,Total
sao_paulo,PENSE2024_2_9_11239872D1,PeNSE,state,35,10.486054406449162,2024,%,"Base ponderada IBGE do universo/subconjunto explicitado na medida e nas notas oficiais, para a mesma geografia e desagregação. Definição integral: Percentual de escolares de 13 a 17 anos que se sentiram ameaçados, ofendidos ou humilhados nas redes sociais ou aplicativo de celular, nos 30 dias anteriores à pesquisa (%) Não reconstruir base numérica nem remover filtros condicionais.",COMPARABLE_OFFICIAL_ESTIMATE,IBGE_PENSE_2024_TEMA_02,LIN_PENSE2024_CC8CA52B5B46926A51ED,9.15151705864663,11.820591754251693,6.4913870544919305,Total
sao_paulo,PENSE2024_2_9_11239872D1,PeNSE,brazil,1,12.74950608462171,2024,%,"Base ponderada IBGE do universo/subconjunto explicitado na medida e nas notas oficiais, para a mesma geografia e desagregação. Definição integral: Percentual de escolares de 13 a 17 anos que se sentiram ameaçados, ofendidos ou humilhados nas redes sociais ou aplicativo de celular, nos 30 dias anteriores à pesquisa (%) Não reconstruir base numérica nem remover filtros condicionais.",COMPARABLE_OFFICIAL_ESTIMATE,IBGE_PENSE_2024_TEMA_02,LIN_PENSE2024_E5DBCBFFC5A0FFF5C288,12.302466991886327,13.196545177357095,1.7884261936161259,Total
sao_paulo,PENSE2024_9_7_11239872D1,PeNSE,municipality,3550308,10.023103117675998,2024,%,"Base ponderada IBGE do universo/subconjunto explicitado na medida e nas notas oficiais, para a mesma geografia e desagregação. Definição integral: Percentual de escolares de 13 a 17 anos que não compareceram à escola por falta de segurança no caminho de casa para a escola ou da escola para a casa nos 30 dias anteriores à pesquisa (%) Não reconstruir base numérica nem remover filtros condicionais.",COMPARABLE_OFFICIAL_ESTIMATE,IBGE_PENSE_2024_TEMA_09,LIN_PENSE2024_F89732682BE369E4EDC6,7.7996463182208515,12.246559917131144,11.31476079205923,Total
sao_paulo,PENSE2024_9_7_11239872D1,PeNSE,state,35,11.42848998612109,2024,%,"Base ponderada IBGE do universo/subconjunto explicitado na medida e nas notas oficiais, para a mesma geografia e desagregação. Definição integral: Percentual de escolares de 13 a 17 anos que não compareceram à escola por falta de segurança no caminho de casa para a escola ou da escola para a casa nos 30 dias anteriores à pesquisa (%) Não reconstruir base numérica nem remover filtros condicionais.",COMPARABLE_OFFICIAL_ESTIMATE,IBGE_PENSE_2024_TEMA_09,LIN_PENSE2024_895CD2303D9CD6832A5C,8.970337668675386,13.886642303566793,10.97081312728487,Total
sao_paulo,PENSE2024_9_7_11239872D1,PeNSE,brazil,1,12.47223506092394,2024,%,"Base ponderada IBGE do universo/subconjunto explicitado na medida e nas notas oficiais, para a mesma geografia e desagregação. Definição integral: Percentual de escolares de 13 a 17 anos que não compareceram à escola por falta de segurança no caminho de casa para a escola ou da escola para a casa nos 30 dias anteriores à pesquisa (%) Não reconstruir base numérica nem remover filtros condicionais.",COMPARABLE_OFFICIAL_ESTIMATE,IBGE_PENSE_2024_TEMA_09,LIN_PENSE2024_B1B5A864F8DC6F8FF15F,11.816110097502127,13.128360024345751,2.6832500972995064,Total
sao_paulo,PENSE2024_12_3_11239872D1,PeNSE,municipality,3550308,27.212812477768104,2024,%,"Base ponderada IBGE do universo/subconjunto explicitado na medida e nas notas oficiais, para a mesma geografia e desagregação. Definição integral: Percentual de escolares de 13 a 17 anos que se sentiram tristes na maioria das vezes ou sempre, nos 30 dias anteriores à pesquisa (%) Não reconstruir base numérica nem remover filtros condicionais.",COMPARABLE_OFFICIAL_ESTIMATE,IBGE_PENSE_2024_TEMA_12,LIN_PENSE2024_0427196F94A7B2FA4185,24.894810498755263,29.530814456780945,4.344694587895906,Total
sao_paulo,PENSE2024_12_3_11239872D1,PeNSE,state,35,27.681431019278467,2024,%,"Base ponderada IBGE do universo/subconjunto explicitado na medida e nas notas oficiais, para a mesma geografia e desagregação. Definição integral: Percentual de escolares de 13 a 17 anos que se sentiram tristes na maioria das vezes ou sempre, nos 30 dias anteriores à pesquisa (%) Não reconstruir base numérica nem remover filtros condicionais.",COMPARABLE_OFFICIAL_ESTIMATE,IBGE_PENSE_2024_TEMA_12,LIN_PENSE2024_EE40AE1D107F9200351B,25.157781107370162,30.20508093118677,4.650069565267562,Total
sao_paulo,PENSE2024_12_3_11239872D1,PeNSE,brazil,1,28.850215137775237,2024,%,"Base ponderada IBGE do universo/subconjunto explicitado na medida e nas notas oficiais, para a mesma geografia e desagregação. Definição integral: Percentual de escolares de 13 a 17 anos que se sentiram tristes na maioria das vezes ou sempre, nos 30 dias anteriores à pesquisa (%) Não reconstruir base numérica nem remover filtros condicionais.",COMPARABLE_OFFICIAL_ESTIMATE,IBGE_PENSE_2024_TEMA_12,LIN_PENSE2024_7E541C97872227AD7F68,28.16288954618306,29.537540729367414,1.2151568460325934,Total
sao_paulo,PENSE2024_8_4_11239872D1,PeNSE,municipality,3550308,56.50761344728639,2024,%,"Escolares de 13 a 17 anos que já tiveram relação sexual, no recorte publicado de sexo/dependência e geografia; base ponderada IBGE, não total populacional.",COMPARABLE_OFFICIAL_ESTIMATE,IBGE_PENSE_2024_TEMA_08,LIN_PENSE2024_C800A3C72E8DEBE64BE8,50.71774224355174,62.29748465102104,5.2261373188686395,Total
sao_paulo,PENSE2024_8_4_11239872D1,PeNSE,state,35,59.08186882867389,2024,%,"Escolares de 13 a 17 anos que já tiveram relação sexual, no recorte publicado de sexo/dependência e geografia; base ponderada IBGE, não total populacional.",COMPARABLE_OFFICIAL_ESTIMATE,IBGE_PENSE_2024_TEMA_08,LIN_PENSE2024_28D0FCD3DD26113C1109,54.82995416853599,63.33378348881179,3.670702559642794,Total
sao_paulo,PENSE2024_8_4_11239872D1,PeNSE,brazil,1,57.192945441554585,2024,%,"Escolares de 13 a 17 anos que já tiveram relação sexual, no recorte publicado de sexo/dependência e geografia; base ponderada IBGE, não total populacional.",COMPARABLE_OFFICIAL_ESTIMATE,IBGE_PENSE_2024_TEMA_08,LIN_PENSE2024_C4C0B1C1B33824799596,56.04620454107608,58.33968634203309,1.0226846061408275,Total
sao_paulo,PENSE2024_3_17_11239872D1,PeNSE,municipality,3550308,56.52439835220698,2024,%,"Base ponderada IBGE do universo/subconjunto explicitado na medida e nas notas oficiais, para a mesma geografia e desagregação. Definição integral: Percentual de escolares de 13 a 17 anos com consumo habitual de café da manhã (%) Notas: Nota: A denominação ""consumo habitual de café da manhã"" refere-se ao consumo semanal igual ou superior a cinco dias. Não reconstruir base numérica nem remover filtros condicionais.",COMPARABLE_OFFICIAL_ESTIMATE,IBGE_PENSE_2024_TEMA_03,LIN_PENSE2024_14E4BBD4AE34D910CE06,53.69169844518851,59.35709825922545,2.5561333075047856,Total
sao_paulo,PENSE2024_3_17_11239872D1,PeNSE,state,35,56.784289805944155,2024,%,"Base ponderada IBGE do universo/subconjunto explicitado na medida e nas notas oficiais, para a mesma geografia e desagregação. Definição integral: Percentual de escolares de 13 a 17 anos com consumo habitual de café da manhã (%) Notas: Nota: A denominação ""consumo habitual de café da manhã"" refere-se ao consumo semanal igual ou superior a cinco dias. Não reconstruir base numérica nem remover filtros condicionais.",COMPARABLE_OFFICIAL_ESTIMATE,IBGE_PENSE_2024_TEMA_03,LIN_PENSE2024_773916758FC4A9C2F94B,54.230164904336114,59.3384147075522,2.2942081186894785,Total
sao_paulo,PENSE2024_3_17_11239872D1,PeNSE,brazil,1,59.615719478909305,2024,%,"Base ponderada IBGE do universo/subconjunto explicitado na medida e nas notas oficiais, para a mesma geografia e desagregação. Definição integral: Percentual de escolares de 13 a 17 anos com consumo habitual de café da manhã (%) Notas: Nota: A denominação ""consumo habitual de café da manhã"" refere-se ao consumo semanal igual ou superior a cinco dias. Não reconstruir base numérica nem remover filtros condicionais.",COMPARABLE_OFFICIAL_ESTIMATE,IBGE_PENSE_2024_TEMA_03,LIN_PENSE2024_C8ED393D83522A10BC91,58.79954021386726,60.43189874395135,0.6983025809657853,Total
sao_paulo,PENSE2024_4_6_11239872D1,PeNSE,municipality,3550308,35.61905413922461,2024,%,"Base ponderada IBGE do universo/subconjunto explicitado na medida e nas notas oficiais, para a mesma geografia e desagregação. Definição integral: Percentual de escolares de 13 a 17 anos fisicamente ativos com base na atividade física acumulada nos sete dias anteriores à pesquisa (%) Notas: Notas: Compõem esse indicador o número de dias e o tempo que os escolares gastam para ir e voltar da escola, nas aulas de educação física ou em outras atividades extraescolares nos sete dias anteriores à pesquisa. Não reconstruir base numérica nem remover filtros condicionais.",COMPARABLE_OFFICIAL_ESTIMATE,IBGE_PENSE_2024_TEMA_04,LIN_PENSE2024_64D22F42F54E27A94F13,33.51422557078911,37.72388270766011,3.014069252284203,Total
sao_paulo,PENSE2024_4_6_11239872D1,PeNSE,state,35,31.487114620423714,2024,%,"Base ponderada IBGE do universo/subconjunto explicitado na medida e nas notas oficiais, para a mesma geografia e desagregação. Definição integral: Percentual de escolares de 13 a 17 anos fisicamente ativos com base na atividade física acumulada nos sete dias anteriores à pesquisa (%) Notas: Notas: Compõem esse indicador o número de dias e o tempo que os escolares gastam para ir e voltar da escola, nas aulas de educação física ou em outras atividades extraescolares nos sete dias anteriores à pesquisa. Não reconstruir base numérica nem remover filtros condicionais.",COMPARABLE_OFFICIAL_ESTIMATE,IBGE_PENSE_2024_TEMA_04,LIN_PENSE2024_F55CBA3F8A703A7C2741,28.756311730421622,34.217917510425806,4.423605284592117,Total
sao_paulo,PENSE2024_4_6_11239872D1,PeNSE,brazil,1,30.55727207455909,2024,%,"Base ponderada IBGE do universo/subconjunto explicitado na medida e nas notas oficiais, para a mesma geografia e desagregação. Definição integral: Percentual de escolares de 13 a 17 anos fisicamente ativos com base na atividade física acumulada nos sete dias anteriores à pesquisa (%) Notas: Notas: Compõem esse indicador o número de dias e o tempo que os escolares gastam para ir e voltar da escola, nas aulas de educação física ou em outras atividades extraescolares nos sete dias anteriores à pesquisa. Não reconstruir base numérica nem remover filtros condicionais.",COMPARABLE_OFFICIAL_ESTIMATE,IBGE_PENSE_2024_TEMA_04,LIN_PENSE2024_BE69D66C16574A354EC1,29.768785394092074,31.345758755026107,1.3161296098310349,Total
sao_paulo,PENSE2024_6_5_11239872D1,PeNSE,municipality,3550308,23.561847787930965,2024,%,"Base ponderada IBGE do universo/subconjunto explicitado na medida e nas notas oficiais, para a mesma geografia e desagregação. Definição integral: Percentual de escolares de 13 a 17 anos que consumiram bebidas alcoólicas pelo menos um dia nos 30 dias anteriores à pesquisa (%) Não reconstruir base numérica nem remover filtros condicionais.",COMPARABLE_OFFICIAL_ESTIMATE,IBGE_PENSE_2024_TEMA_06,LIN_PENSE2024_E9BDD07F18D3989C8CF7,20.51465741900674,26.609038156855192,6.596432464956468,Total
sao_paulo,PENSE2024_6_5_11239872D1,PeNSE,state,35,22.972515315447012,2024,%,"Base ponderada IBGE do universo/subconjunto explicitado na medida e nas notas oficiais, para a mesma geografia e desagregação. Definição integral: Percentual de escolares de 13 a 17 anos que consumiram bebidas alcoólicas pelo menos um dia nos 30 dias anteriores à pesquisa (%) Não reconstruir base numérica nem remover filtros condicionais.",COMPARABLE_OFFICIAL_ESTIMATE,IBGE_PENSE_2024_TEMA_06,LIN_PENSE2024_6D696305EC37D04CD6E5,20.878806077983544,25.06622455291048,4.6486483927339854,Total
sao_paulo,PENSE2024_6_5_11239872D1,PeNSE,brazil,1,20.389985623812173,2024,%,"Base ponderada IBGE do universo/subconjunto explicitado na medida e nas notas oficiais, para a mesma geografia e desagregação. Definição integral: Percentual de escolares de 13 a 17 anos que consumiram bebidas alcoólicas pelo menos um dia nos 30 dias anteriores à pesquisa (%) Não reconstruir base numérica nem remover filtros condicionais.",COMPARABLE_OFFICIAL_ESTIMATE,IBGE_PENSE_2024_TEMA_06,LIN_PENSE2024_10E1D3FA80DDD24FC7DB,19.747568336188877,21.03240291143547,1.6070122204325952,Total
sao_paulo,PENSE2024_9_8_11239872D1,PeNSE,municipality,3550308,13.208634399810629,2024,%,"Base ponderada IBGE do universo/subconjunto explicitado na medida e nas notas oficiais, para a mesma geografia e desagregação. Definição integral: Percentual de escolares de 13 a 17 anos que não compareceram à escola por falta de segurança na escola nos 30 dias anteriores à pesquisa (%) Não reconstruir base numérica nem remover filtros condicionais.",COMPARABLE_OFFICIAL_ESTIMATE,IBGE_PENSE_2024_TEMA_09,LIN_PENSE2024_0B5F7BF9A3A3299CF5D6,11.416095131551176,15.001173668070082,6.921968813278166,Total
sao_paulo,PENSE2024_9_8_11239872D1,PeNSE,state,35,14.212916135860553,2024,%,"Base ponderada IBGE do universo/subconjunto explicitado na medida e nas notas oficiais, para a mesma geografia e desagregação. Definição integral: Percentual de escolares de 13 a 17 anos que não compareceram à escola por falta de segurança na escola nos 30 dias anteriores à pesquisa (%) Não reconstruir base numérica nem remover filtros condicionais.",COMPARABLE_OFFICIAL_ESTIMATE,IBGE_PENSE_2024_TEMA_09,LIN_PENSE2024_02E69E3216FAF5CE2D02,11.692239254127493,16.733593017593613,9.045922535050634,Total
sao_paulo,PENSE2024_9_8_11239872D1,PeNSE,brazil,1,13.654245710318131,2024,%,"Base ponderada IBGE do universo/subconjunto explicitado na medida e nas notas oficiais, para a mesma geografia e desagregação. Definição integral: Percentual de escolares de 13 a 17 anos que não compareceram à escola por falta de segurança na escola nos 30 dias anteriores à pesquisa (%) Não reconstruir base numérica nem remover filtros condicionais.",COMPARABLE_OFFICIAL_ESTIMATE,IBGE_PENSE_2024_TEMA_09,LIN_PENSE2024_B0B432398D08646E893D,12.977412218512645,14.331079202123616,2.528325626058975,Total
sao_paulo,PENSE2024_5_8_11239872D1,PeNSE,municipality,3550308,38.67023244725358,2024,%,"Base ponderada IBGE do universo/subconjunto explicitado na medida e nas notas oficiais, para a mesma geografia e desagregação. Definição integral: Percentual de escolares de 13 a 17 anos que alguma vez na vida experimentou cigarro eletrônico ou outros dispositivos eletrônicos (vaper, pod, e-cigarrette) (%) Não reconstruir base numérica nem remover filtros condicionais.",COMPARABLE_OFFICIAL_ESTIMATE,IBGE_PENSE_2024_TEMA_05,LIN_PENSE2024_CE25474DD3D2A9BF85DC,34.721576030513745,42.61888886399342,5.208245449979757,Total
sao_paulo,PENSE2024_5_8_11239872D1,PeNSE,state,35,35.21631464507274,2024,%,"Base ponderada IBGE do universo/subconjunto explicitado na medida e nas notas oficiais, para a mesma geografia e desagregação. Definição integral: Percentual de escolares de 13 a 17 anos que alguma vez na vida experimentou cigarro eletrônico ou outros dispositivos eletrônicos (vaper, pod, e-cigarrette) (%) Não reconstruir base numérica nem remover filtros condicionais.",COMPARABLE_OFFICIAL_ESTIMATE,IBGE_PENSE_2024_TEMA_05,LIN_PENSE2024_847F7FE1A65D252CD7D3,32.00071064035976,38.43191864978572,4.657335613571389,Total
sao_paulo,PENSE2024_5_8_11239872D1,PeNSE,brazil,1,29.571764715929934,2024,%,"Base ponderada IBGE do universo/subconjunto explicitado na medida e nas notas oficiais, para a mesma geografia e desagregação. Definição integral: Percentual de escolares de 13 a 17 anos que alguma vez na vida experimentou cigarro eletrônico ou outros dispositivos eletrônicos (vaper, pod, e-cigarrette) (%) Não reconstruir base numérica nem remover filtros condicionais.",COMPARABLE_OFFICIAL_ESTIMATE,IBGE_PENSE_2024_TEMA_05,LIN_PENSE2024_63EB4DD72A6933299413,28.654235210806682,30.489294221053186,1.5825654356453642,Total
sao_paulo,PENSE2024_4_8_11239872D1,PeNSE,municipality,3550308,41.12458737675515,2024,%,"Base ponderada IBGE do universo/subconjunto explicitado na medida e nas notas oficiais, para a mesma geografia e desagregação. Definição integral: Percentual de escolares de 13 a 17 anos com tempo de tela sedentário diário superior a duas horas (%) Notas: Notas: Exclusive sábados, domingos e feriados. Não reconstruir base numérica nem remover filtros condicionais.",COMPARABLE_OFFICIAL_ESTIMATE,IBGE_PENSE_2024_TEMA_04,LIN_PENSE2024_973725C924993304F5E8,38.35495527206829,43.894219481442015,3.435100208441707,Total
sao_paulo,PENSE2024_4_8_11239872D1,PeNSE,state,35,38.905764684697544,2024,%,"Base ponderada IBGE do universo/subconjunto explicitado na medida e nas notas oficiais, para a mesma geografia e desagregação. Definição integral: Percentual de escolares de 13 a 17 anos com tempo de tela sedentário diário superior a duas horas (%) Notas: Notas: Exclusive sábados, domingos e feriados. Não reconstruir base numérica nem remover filtros condicionais.",COMPARABLE_OFFICIAL_ESTIMATE,IBGE_PENSE_2024_TEMA_04,LIN_PENSE2024_905A1E598B3FADF1C440,36.33647439256531,41.47505497682978,3.3683568850618877,Total
sao_paulo,PENSE2024_4_8_11239872D1,PeNSE,brazil,1,36.72356796215621,2024,%,"Base ponderada IBGE do universo/subconjunto explicitado na medida e nas notas oficiais, para a mesma geografia e desagregação. Definição integral: Percentual de escolares de 13 a 17 anos com tempo de tela sedentário diário superior a duas horas (%) Notas: Notas: Exclusive sábados, domingos e feriados. Não reconstruir base numérica nem remover filtros condicionais.",COMPARABLE_OFFICIAL_ESTIMATE,IBGE_PENSE_2024_TEMA_04,LIN_PENSE2024_A7E4FF0C7F55D265BC07,35.980289535308486,37.46684638900393,1.032346614632057,Total
sao_paulo,PENSE2024_13_8_11239872D1,PeNSE,municipality,3550308,56.991729596821216,2024,%,"Base ponderada IBGE do universo/subconjunto explicitado na medida e nas notas oficiais, para a mesma geografia e desagregação. Definição integral: Percentual de escolares de 13 a 17 anos que foram vacinados(as) contra o vírus Papilomavírus Humano (HPV) (%) Não reconstruir base numérica nem remover filtros condicionais.",COMPARABLE_OFFICIAL_ESTIMATE,IBGE_PENSE_2024_TEMA_13,LIN_PENSE2024_FE247345FC3CE5D23947,53.03951015049815,60.94394904314428,3.5371061469302147,Total
sao_paulo,PENSE2024_13_8_11239872D1,PeNSE,state,35,53.4608366394444,2024,%,"Base ponderada IBGE do universo/subconjunto explicitado na medida e nas notas oficiais, para a mesma geografia e desagregação. Definição integral: Percentual de escolares de 13 a 17 anos que foram vacinados(as) contra o vírus Papilomavírus Humano (HPV) (%) Não reconstruir base numérica nem remover filtros condicionais.",COMPARABLE_OFFICIAL_ESTIMATE,IBGE_PENSE_2024_TEMA_13,LIN_PENSE2024_8620F5578100B8F404F4,50.305584995096225,56.61608828379258,3.0103509581705086,Total
sao_paulo,PENSE2024_13_8_11239872D1,PeNSE,brazil,1,54.899013803530515,2024,%,"Base ponderada IBGE do universo/subconjunto explicitado na medida e nas notas oficiais, para a mesma geografia e desagregação. Definição integral: Percentual de escolares de 13 a 17 anos que foram vacinados(as) contra o vírus Papilomavírus Humano (HPV) (%) Não reconstruir base numérica nem remover filtros condicionais.",COMPARABLE_OFFICIAL_ESTIMATE,IBGE_PENSE_2024_TEMA_13,LIN_PENSE2024_B68AC980406D17CC27AF,54.01075209737065,55.78727550969038,0.8252685143645713,Total
sao_paulo,PENSE2024_8_9_11239872D1,PeNSE,municipality,3550308,66.34520217154126,2024,%,"Base ponderada IBGE do universo/subconjunto explicitado na medida e nas notas oficiais, para a mesma geografia e desagregação. Definição integral: Percentual de escolares de 13 a 17 anos que receberam orientação na escola sobre prevenção de gravidez (%) Não reconstruir base numérica nem remover filtros condicionais.",COMPARABLE_OFFICIAL_ESTIMATE,IBGE_PENSE_2024_TEMA_08,LIN_PENSE2024_71C673F40BDB1BEA52CA,61.85257805234795,70.83782629073457,3.453897475984722,Total
sao_paulo,PENSE2024_8_9_11239872D1,PeNSE,state,35,68.36129977001347,2024,%,"Base ponderada IBGE do universo/subconjunto explicitado na medida e nas notas oficiais, para a mesma geografia e desagregação. Definição integral: Percentual de escolares de 13 a 17 anos que receberam orientação na escola sobre prevenção de gravidez (%) Não reconstruir base numérica nem remover filtros condicionais.",COMPARABLE_OFFICIAL_ESTIMATE,IBGE_PENSE_2024_TEMA_08,LIN_PENSE2024_9D167C2A66E32108A194,63.7528827748759,72.96971676515105,3.438431189618265,Total
sao_paulo,PENSE2024_8_9_11239872D1,PeNSE,brazil,1,66.67664603548816,2024,%,"Base ponderada IBGE do universo/subconjunto explicitado na medida e nas notas oficiais, para a mesma geografia e desagregação. Definição integral: Percentual de escolares de 13 a 17 anos que receberam orientação na escola sobre prevenção de gravidez (%) Não reconstruir base numérica nem remover filtros condicionais.",COMPARABLE_OFFICIAL_ESTIMATE,IBGE_PENSE_2024_TEMA_08,LIN_PENSE2024_49D247130073E1142763,65.44636450146872,67.9069275695076,0.941130046994932,Total
rio_de_janeiro,PENSE2024_2_5_07DC4CE97A,PeNSE,municipality,3304557,28.237862793787947,2024,%,"Base ponderada IBGE do universo/subconjunto explicitado na medida e nas notas oficiais, para a mesma geografia e desagregação. Definição integral: Distribuição percentual de escolares de 13 a 17 anos que se sentiram humilhados por provocações de colegas da escola nos 30 dias anteriores à pesquisa (%) Notas: Nota: Não são apresentados resultados para escolares que deixaram a questão sem resposta. Não reconstruir base numérica nem remover filtros condicionais.",COMPARABLE_OFFICIAL_ESTIMATE,IBGE_PENSE_2024_TEMA_02,LIN_PENSE2024_F2275664829EF85C3A05,25.98076798915664,30.494957598419255,4.076963815322121,Duas ou mais vezes
rio_de_janeiro,PENSE2024_2_5_07DC4CE97A,PeNSE,state,33,30.60566524917112,2024,%,"Base ponderada IBGE do universo/subconjunto explicitado na medida e nas notas oficiais, para a mesma geografia e desagregação. Definição integral: Distribuição percentual de escolares de 13 a 17 anos que se sentiram humilhados por provocações de colegas da escola nos 30 dias anteriores à pesquisa (%) Notas: Nota: Não são apresentados resultados para escolares que deixaram a questão sem resposta. Não reconstruir base numérica nem remover filtros condicionais.",COMPARABLE_OFFICIAL_ESTIMATE,IBGE_PENSE_2024_TEMA_02,LIN_PENSE2024_2576D2AE280870A37126,28.585666115151213,32.62566438319103,3.366419539900732,Duas ou mais vezes
rio_de_janeiro,PENSE2024_2_5_07DC4CE97A,PeNSE,brazil,1,27.221902073143237,2024,%,"Base ponderada IBGE do universo/subconjunto explicitado na medida e nas notas oficiais, para a mesma geografia e desagregação. Definição integral: Distribuição percentual de escolares de 13 a 17 anos que se sentiram humilhados por provocações de colegas da escola nos 30 dias anteriores à pesquisa (%) Notas: Nota: Não são apresentados resultados para escolares que deixaram a questão sem resposta. Não reconstruir base numérica nem remover filtros condicionais.",COMPARABLE_OFFICIAL_ESTIMATE,IBGE_PENSE_2024_TEMA_02,LIN_PENSE2024_2EF4515BF410A0F2B4D0,26.63138708874345,27.812417057543026,1.106448831660879,Duas ou mais vezes
rio_de_janeiro,PENSE2024_2_9_11239872D1,PeNSE,municipality,3304557,12.692317039392146,2024,%,"Base ponderada IBGE do universo/subconjunto explicitado na medida e nas notas oficiais, para a mesma geografia e desagregação. Definição integral: Percentual de escolares de 13 a 17 anos que se sentiram ameaçados, ofendidos ou humilhados nas redes sociais ou aplicativo de celular, nos 30 dias anteriores à pesquisa (%) Não reconstruir base numérica nem remover filtros condicionais.",COMPARABLE_OFFICIAL_ESTIMATE,IBGE_PENSE_2024_TEMA_02,LIN_PENSE2024_F528AD5ABC14846F6C89,11.210273670185169,14.174360408599123,5.9557832007191465,Total
rio_de_janeiro,PENSE2024_2_9_11239872D1,PeNSE,state,33,14.32516160985475,2024,%,"Base ponderada IBGE do universo/subconjunto explicitado na medida e nas notas oficiais, para a mesma geografia e desagregação. Definição integral: Percentual de escolares de 13 a 17 anos que se sentiram ameaçados, ofendidos ou humilhados nas redes sociais ou aplicativo de celular, nos 30 dias anteriores à pesquisa (%) Não reconstruir base numérica nem remover filtros condicionais.",COMPARABLE_OFFICIAL_ESTIMATE,IBGE_PENSE_2024_TEMA_02,LIN_PENSE2024_840C8CD226D11673B49B,12.913649818960215,15.736673400749284,5.025784465976974,Total
rio_de_janeiro,PENSE2024_2_9_11239872D1,PeNSE,brazil,1,12.74950608462171,2024,%,"Base ponderada IBGE do universo/subconjunto explicitado na medida e nas notas oficiais, para a mesma geografia e desagregação. Definição integral: Percentual de escolares de 13 a 17 anos que se sentiram ameaçados, ofendidos ou humilhados nas redes sociais ou aplicativo de celular, nos 30 dias anteriores à pesquisa (%) Não reconstruir base numérica nem remover filtros condicionais.",COMPARABLE_OFFICIAL_ESTIMATE,IBGE_PENSE_2024_TEMA_02,LIN_PENSE2024_E5DBCBFFC5A0FFF5C288,12.302466991886327,13.196545177357095,1.7884261936161259,Total
rio_de_janeiro,PENSE2024_9_7_11239872D1,PeNSE,municipality,3304557,20.84037867085726,2024,%,"Base ponderada IBGE do universo/subconjunto explicitado na medida e nas notas oficiais, para a mesma geografia e desagregação. Definição integral: Percentual de escolares de 13 a 17 anos que não compareceram à escola por falta de segurança no caminho de casa para a escola ou da escola para a casa nos 30 dias anteriores à pesquisa (%) Não reconstruir base numérica nem remover filtros condicionais.",COMPARABLE_OFFICIAL_ESTIMATE,IBGE_PENSE_2024_TEMA_09,LIN_PENSE2024_431AE1130869808D6E1F,17.260793420325534,24.419963921388984,8.760844735189528,Total
rio_de_janeiro,PENSE2024_9_7_11239872D1,PeNSE,state,33,17.58291466762387,2024,%,"Base ponderada IBGE do universo/subconjunto explicitado na medida e nas notas oficiais, para a mesma geografia e desagregação. Definição integral: Percentual de escolares de 13 a 17 anos que não compareceram à escola por falta de segurança no caminho de casa para a escola ou da escola para a casa nos 30 dias anteriores à pesquisa (%) Não reconstruir base numérica nem remover filtros condicionais.",COMPARABLE_OFFICIAL_ESTIMATE,IBGE_PENSE_2024_TEMA_09,LIN_PENSE2024_B9620F41474EFE94C408,15.576133223406105,19.58969611184164,5.821408661810445,Total
rio_de_janeiro,PENSE2024_9_7_11239872D1,PeNSE,brazil,1,12.47223506092394,2024,%,"Base ponderada IBGE do universo/subconjunto explicitado na medida e nas notas oficiais, para a mesma geografia e desagregação. Definição integral: Percentual de escolares de 13 a 17 anos que não compareceram à escola por falta de segurança no caminho de casa para a escola ou da escola para a casa nos 30 dias anteriores à pesquisa (%) Não reconstruir base numérica nem remover filtros condicionais.",COMPARABLE_OFFICIAL_ESTIMATE,IBGE_PENSE_2024_TEMA_09,LIN_PENSE2024_B1B5A864F8DC6F8FF15F,11.816110097502127,13.128360024345751,2.6832500972995064,Total
rio_de_janeiro,PENSE2024_12_3_11239872D1,PeNSE,municipality,3304557,29.811692647073574,2024,%,"Base ponderada IBGE do universo/subconjunto explicitado na medida e nas notas oficiais, para a mesma geografia e desagregação. Definição integral: Percentual de escolares de 13 a 17 anos que se sentiram tristes na maioria das vezes ou sempre, nos 30 dias anteriores à pesquisa (%) Não reconstruir base numérica nem remover filtros condicionais.",COMPARABLE_OFFICIAL_ESTIMATE,IBGE_PENSE_2024_TEMA_12,LIN_PENSE2024_41BEB5ADE9148CB7E3F6,27.656581247776742,31.966804046370406,3.6872447717751458,Total
rio_de_janeiro,PENSE2024_12_3_11239872D1,PeNSE,state,33,30.60835585699363,2024,%,"Base ponderada IBGE do universo/subconjunto explicitado na medida e nas notas oficiais, para a mesma geografia e desagregação. Definição integral: Percentual de escolares de 13 a 17 anos que se sentiram tristes na maioria das vezes ou sempre, nos 30 dias anteriores à pesquisa (%) Não reconstruir base numérica nem remover filtros condicionais.",COMPARABLE_OFFICIAL_ESTIMATE,IBGE_PENSE_2024_TEMA_12,LIN_PENSE2024_F35A62D4A0129BC66DDB,28.936617394583184,32.28009431940407,2.785782540657675,Total
rio_de_janeiro,PENSE2024_12_3_11239872D1,PeNSE,brazil,1,28.850215137775237,2024,%,"Base ponderada IBGE do universo/subconjunto explicitado na medida e nas notas oficiais, para a mesma geografia e desagregação. Definição integral: Percentual de escolares de 13 a 17 anos que se sentiram tristes na maioria das vezes ou sempre, nos 30 dias anteriores à pesquisa (%) Não reconstruir base numérica nem remover filtros condicionais.",COMPARABLE_OFFICIAL_ESTIMATE,IBGE_PENSE_2024_TEMA_12,LIN_PENSE2024_7E541C97872227AD7F68,28.16288954618306,29.537540729367414,1.2151568460325934,Total
rio_de_janeiro,PENSE2024_8_4_11239872D1,PeNSE,municipality,3304557,50.09115822470223,2024,%,"Escolares de 13 a 17 anos que já tiveram relação sexual, no recorte publicado de sexo/dependência e geografia; base ponderada IBGE, não total populacional.",COMPARABLE_OFFICIAL_ESTIMATE,IBGE_PENSE_2024_TEMA_08,LIN_PENSE2024_C141522696B3F5499196,46.86241087201557,53.31990557738888,3.287697632354795,Total
rio_de_janeiro,PENSE2024_8_4_11239872D1,PeNSE,state,33,50.832505814929974,2024,%,"Escolares de 13 a 17 anos que já tiveram relação sexual, no recorte publicado de sexo/dependência e geografia; base ponderada IBGE, não total populacional.",COMPARABLE_OFFICIAL_ESTIMATE,IBGE_PENSE_2024_TEMA_08,LIN_PENSE2024_4D921E448195A4D86743,47.68263192187548,53.982379707984464,3.160607216812007,Total
rio_de_janeiro,PENSE2024_8_4_11239872D1,PeNSE,brazil,1,57.192945441554585,2024,%,"Escolares de 13 a 17 anos que já tiveram relação sexual, no recorte publicado de sexo/dependência e geografia; base ponderada IBGE, não total populacional.",COMPARABLE_OFFICIAL_ESTIMATE,IBGE_PENSE_2024_TEMA_08,LIN_PENSE2024_C4C0B1C1B33824799596,56.04620454107608,58.33968634203309,1.0226846061408275,Total
rio_de_janeiro,PENSE2024_3_17_11239872D1,PeNSE,municipality,3304557,54.22478554609549,2024,%,"Base ponderada IBGE do universo/subconjunto explicitado na medida e nas notas oficiais, para a mesma geografia e desagregação. Definição integral: Percentual de escolares de 13 a 17 anos com consumo habitual de café da manhã (%) Notas: Nota: A denominação ""consumo habitual de café da manhã"" refere-se ao consumo semanal igual ou superior a cinco dias. Não reconstruir base numérica nem remover filtros condicionais.",COMPARABLE_OFFICIAL_ESTIMATE,IBGE_PENSE_2024_TEMA_03,LIN_PENSE2024_A54CBE6A34B1AB03544D,51.79010713017555,56.65946396201543,2.2901432153910735,Total
rio_de_janeiro,PENSE2024_3_17_11239872D1,PeNSE,state,33,54.929045427347695,2024,%,"Base ponderada IBGE do universo/subconjunto explicitado na medida e nas notas oficiais, para a mesma geografia e desagregação. Definição integral: Percentual de escolares de 13 a 17 anos com consumo habitual de café da manhã (%) Notas: Nota: A denominação ""consumo habitual de café da manhã"" refere-se ao consumo semanal igual ou superior a cinco dias. Não reconstruir base numérica nem remover filtros condicionais.",COMPARABLE_OFFICIAL_ESTIMATE,IBGE_PENSE_2024_TEMA_03,LIN_PENSE2024_D715B25C0D2F090F0304,52.87448756630141,56.98360328839398,1.9078103661441497,Total
rio_de_janeiro,PENSE2024_3_17_11239872D1,PeNSE,brazil,1,59.615719478909305,2024,%,"Base ponderada IBGE do universo/subconjunto explicitado na medida e nas notas oficiais, para a mesma geografia e desagregação. Definição integral: Percentual de escolares de 13 a 17 anos com consumo habitual de café da manhã (%) Notas: Nota: A denominação ""consumo habitual de café da manhã"" refere-se ao consumo semanal igual ou superior a cinco dias. Não reconstruir base numérica nem remover filtros condicionais.",COMPARABLE_OFFICIAL_ESTIMATE,IBGE_PENSE_2024_TEMA_03,LIN_PENSE2024_C8ED393D83522A10BC91,58.79954021386726,60.43189874395135,0.6983025809657853,Total
rio_de_janeiro,PENSE2024_4_6_11239872D1,PeNSE,municipality,3304557,33.50069853700677,2024,%,"Base ponderada IBGE do universo/subconjunto explicitado na medida e nas notas oficiais, para a mesma geografia e desagregação. Definição integral: Percentual de escolares de 13 a 17 anos fisicamente ativos com base na atividade física acumulada nos sete dias anteriores à pesquisa (%) Notas: Notas: Compõem esse indicador o número de dias e o tempo que os escolares gastam para ir e voltar da escola, nas aulas de educação física ou em outras atividades extraescolares nos sete dias anteriores à pesquisa. Não reconstruir base numérica nem remover filtros condicionais.",COMPARABLE_OFFICIAL_ESTIMATE,IBGE_PENSE_2024_TEMA_04,LIN_PENSE2024_7E13BFC3A4EF9D2282AB,31.173356536128964,35.828040537884576,3.5434411464357654,Total
rio_de_janeiro,PENSE2024_4_6_11239872D1,PeNSE,state,33,31.534915012442458,2024,%,"Base ponderada IBGE do universo/subconjunto explicitado na medida e nas notas oficiais, para a mesma geografia e desagregação. Definição integral: Percentual de escolares de 13 a 17 anos fisicamente ativos com base na atividade física acumulada nos sete dias anteriores à pesquisa (%) Notas: Notas: Compõem esse indicador o número de dias e o tempo que os escolares gastam para ir e voltar da escola, nas aulas de educação física ou em outras atividades extraescolares nos sete dias anteriores à pesquisa. Não reconstruir base numérica nem remover filtros condicionais.",COMPARABLE_OFFICIAL_ESTIMATE,IBGE_PENSE_2024_TEMA_04,LIN_PENSE2024_E56714CE0DA71E644ED9,29.706239915721365,33.363590109163546,2.957765679107624,Total
rio_de_janeiro,PENSE2024_4_6_11239872D1,PeNSE,brazil,1,30.55727207455909,2024,%,"Base ponderada IBGE do universo/subconjunto explicitado na medida e nas notas oficiais, para a mesma geografia e desagregação. Definição integral: Percentual de escolares de 13 a 17 anos fisicamente ativos com base na atividade física acumulada nos sete dias anteriores à pesquisa (%) Notas: Notas: Compõem esse indicador o número de dias e o tempo que os escolares gastam para ir e voltar da escola, nas aulas de educação física ou em outras atividades extraescolares nos sete dias anteriores à pesquisa. Não reconstruir base numérica nem remover filtros condicionais.",COMPARABLE_OFFICIAL_ESTIMATE,IBGE_PENSE_2024_TEMA_04,LIN_PENSE2024_BE69D66C16574A354EC1,29.768785394092074,31.345758755026107,1.3161296098310349,Total
rio_de_janeiro,PENSE2024_6_5_11239872D1,PeNSE,municipality,3304557,20.654146307796854,2024,%,"Base ponderada IBGE do universo/subconjunto explicitado na medida e nas notas oficiais, para a mesma geografia e desagregação. Definição integral: Percentual de escolares de 13 a 17 anos que consumiram bebidas alcoólicas pelo menos um dia nos 30 dias anteriores à pesquisa (%) Não reconstruir base numérica nem remover filtros condicionais.",COMPARABLE_OFFICIAL_ESTIMATE,IBGE_PENSE_2024_TEMA_06,LIN_PENSE2024_01EAF9EE1D6234651CFC,18.4643036137337,22.843989001860006,5.407848906953686,Total
rio_de_janeiro,PENSE2024_6_5_11239872D1,PeNSE,state,33,19.18238620397054,2024,%,"Base ponderada IBGE do universo/subconjunto explicitado na medida e nas notas oficiais, para a mesma geografia e desagregação. Definição integral: Percentual de escolares de 13 a 17 anos que consumiram bebidas alcoólicas pelo menos um dia nos 30 dias anteriores à pesquisa (%) Não reconstruir base numérica nem remover filtros condicionais.",COMPARABLE_OFFICIAL_ESTIMATE,IBGE_PENSE_2024_TEMA_06,LIN_PENSE2024_66B71470F07AA02EC6D5,17.605487118870467,20.759285289070615,4.192954505157871,Total
rio_de_janeiro,PENSE2024_6_5_11239872D1,PeNSE,brazil,1,20.389985623812173,2024,%,"Base ponderada IBGE do universo/subconjunto explicitado na medida e nas notas oficiais, para a mesma geografia e desagregação. Definição integral: Percentual de escolares de 13 a 17 anos que consumiram bebidas alcoólicas pelo menos um dia nos 30 dias anteriores à pesquisa (%) Não reconstruir base numérica nem remover filtros condicionais.",COMPARABLE_OFFICIAL_ESTIMATE,IBGE_PENSE_2024_TEMA_06,LIN_PENSE2024_10E1D3FA80DDD24FC7DB,19.747568336188877,21.03240291143547,1.6070122204325952,Total
rio_de_janeiro,PENSE2024_9_8_11239872D1,PeNSE,municipality,3304557,16.35269367844399,2024,%,"Base ponderada IBGE do universo/subconjunto explicitado na medida e nas notas oficiais, para a mesma geografia e desagregação. Definição integral: Percentual de escolares de 13 a 17 anos que não compareceram à escola por falta de segurança na escola nos 30 dias anteriores à pesquisa (%) Não reconstruir base numérica nem remover filtros condicionais.",COMPARABLE_OFFICIAL_ESTIMATE,IBGE_PENSE_2024_TEMA_09,LIN_PENSE2024_8CA3ABCFB0D575F2192A,13.165360161579237,19.540027195308745,9.941618365415342,Total
rio_de_janeiro,PENSE2024_9_8_11239872D1,PeNSE,state,33,15.11710161576387,2024,%,"Base ponderada IBGE do universo/subconjunto explicitado na medida e nas notas oficiais, para a mesma geografia e desagregação. Definição integral: Percentual de escolares de 13 a 17 anos que não compareceram à escola por falta de segurança na escola nos 30 dias anteriores à pesquisa (%) Não reconstruir base numérica nem remover filtros condicionais.",COMPARABLE_OFFICIAL_ESTIMATE,IBGE_PENSE_2024_TEMA_09,LIN_PENSE2024_867D57874A6E3799402E,13.534061154939058,16.700142076588683,5.341243314651635,Total
rio_de_janeiro,PENSE2024_9_8_11239872D1,PeNSE,brazil,1,13.654245710318131,2024,%,"Base ponderada IBGE do universo/subconjunto explicitado na medida e nas notas oficiais, para a mesma geografia e desagregação. Definição integral: Percentual de escolares de 13 a 17 anos que não compareceram à escola por falta de segurança na escola nos 30 dias anteriores à pesquisa (%) Não reconstruir base numérica nem remover filtros condicionais.",COMPARABLE_OFFICIAL_ESTIMATE,IBGE_PENSE_2024_TEMA_09,LIN_PENSE2024_B0B432398D08646E893D,12.977412218512645,14.331079202123616,2.528325626058975,Total
rio_de_janeiro,PENSE2024_12_4_11239872D1,PeNSE,municipality,3304557,25.48570009098069,2024,%,"Base ponderada IBGE do universo/subconjunto explicitado na medida e nas notas oficiais, para a mesma geografia e desagregação. Definição integral: Percentual de escolares de 13 a 17 anos que sentiram que ninguém se preocupava com eles na maioria das vezes ou sempre, nos 30 dias anteriores à pesquisa (%) Não reconstruir base numérica nem remover filtros condicionais.",COMPARABLE_OFFICIAL_ESTIMATE,IBGE_PENSE_2024_TEMA_12,LIN_PENSE2024_9B1AF94CC26D6AD4CCE9,23.65978541417437,27.31161476778701,3.6542881608358715,Total
rio_de_janeiro,PENSE2024_12_4_11239872D1,PeNSE,state,33,27.605415216774894,2024,%,"Base ponderada IBGE do universo/subconjunto explicitado na medida e nas notas oficiais, para a mesma geografia e desagregação. Definição integral: Percentual de escolares de 13 a 17 anos que sentiram que ninguém se preocupava com eles na maioria das vezes ou sempre, nos 30 dias anteriores à pesquisa (%) Não reconstruir base numérica nem remover filtros condicionais.",COMPARABLE_OFFICIAL_ESTIMATE,IBGE_PENSE_2024_TEMA_12,LIN_PENSE2024_E0B3BD47D5ED50E6575F,25.87150623631498,29.33932419723481,3.203692995175084,Total
rio_de_janeiro,PENSE2024_12_4_11239872D1,PeNSE,brazil,1,26.138598963104275,2024,%,"Base ponderada IBGE do universo/subconjunto explicitado na medida e nas notas oficiais, para a mesma geografia e desagregação. Definição integral: Percentual de escolares de 13 a 17 anos que sentiram que ninguém se preocupava com eles na maioria das vezes ou sempre, nos 30 dias anteriores à pesquisa (%) Não reconstruir base numérica nem remover filtros condicionais.",COMPARABLE_OFFICIAL_ESTIMATE,IBGE_PENSE_2024_TEMA_12,LIN_PENSE2024_316263940A146737E180,25.457758183431356,26.819439742777195,1.3285629418949099,Total
rio_de_janeiro,PENSE2024_4_8_11239872D1,PeNSE,municipality,3304557,40.4741041919915,2024,%,"Base ponderada IBGE do universo/subconjunto explicitado na medida e nas notas oficiais, para a mesma geografia e desagregação. Definição integral: Percentual de escolares de 13 a 17 anos com tempo de tela sedentário diário superior a duas horas (%) Notas: Notas: Exclusive sábados, domingos e feriados. Não reconstruir base numérica nem remover filtros condicionais.",COMPARABLE_OFFICIAL_ESTIMATE,IBGE_PENSE_2024_TEMA_04,LIN_PENSE2024_2BD48885EFBF5B90AE88,38.36369539582539,42.58451298815761,2.659550385527804,Total
rio_de_janeiro,PENSE2024_4_8_11239872D1,PeNSE,state,33,40.170628773358416,2024,%,"Base ponderada IBGE do universo/subconjunto explicitado na medida e nas notas oficiais, para a mesma geografia e desagregação. Definição integral: Percentual de escolares de 13 a 17 anos com tempo de tela sedentário diário superior a duas horas (%) Notas: Notas: Exclusive sábados, domingos e feriados. Não reconstruir base numérica nem remover filtros condicionais.",COMPARABLE_OFFICIAL_ESTIMATE,IBGE_PENSE_2024_TEMA_04,LIN_PENSE2024_6D95A08E5CBE9127538C,38.655691263609334,41.6855662831075,1.9235565952438773,Total
rio_de_janeiro,PENSE2024_4_8_11239872D1,PeNSE,brazil,1,36.72356796215621,2024,%,"Base ponderada IBGE do universo/subconjunto explicitado na medida e nas notas oficiais, para a mesma geografia e desagregação. Definição integral: Percentual de escolares de 13 a 17 anos com tempo de tela sedentário diário superior a duas horas (%) Notas: Notas: Exclusive sábados, domingos e feriados. Não reconstruir base numérica nem remover filtros condicionais.",COMPARABLE_OFFICIAL_ESTIMATE,IBGE_PENSE_2024_TEMA_04,LIN_PENSE2024_A7E4FF0C7F55D265BC07,35.980289535308486,37.46684638900393,1.032346614632057,Total
rio_de_janeiro,PENSE2024_2_4_92B62A2838,PeNSE,municipality,3304557,60.55172974047583,2024,%,"Base ponderada IBGE do universo/subconjunto explicitado na medida e nas notas oficiais, para a mesma geografia e desagregação. Definição integral: Distribuição percentual de escolares de 13 a 17 anos cujos colegas de escola os trataram bem e/ou foram prestativos com eles nos 30 dias anteriores à pesquisa (%) Notas: Nota: Não são apresentados resultados para escolares que deixaram a questão sem resposta. Não reconstruir base numérica nem remover filtros condicionais.",COMPARABLE_OFFICIAL_ESTIMATE,IBGE_PENSE_2024_TEMA_02,LIN_PENSE2024_427F0DB11FBC5E159A9B,57.20382509309885,63.89963438785281,2.8201058268124926,Na maioria das vezes ou sempre
rio_de_janeiro,PENSE2024_2_4_92B62A2838,PeNSE,state,33,59.48032962382292,2024,%,"Base ponderada IBGE do universo/subconjunto explicitado na medida e nas notas oficiais, para a mesma geografia e desagregação. Definição integral: Distribuição percentual de escolares de 13 a 17 anos cujos colegas de escola os trataram bem e/ou foram prestativos com eles nos 30 dias anteriores à pesquisa (%) Notas: Nota: Não são apresentados resultados para escolares que deixaram a questão sem resposta. Não reconstruir base numérica nem remover filtros condicionais.",COMPARABLE_OFFICIAL_ESTIMATE,IBGE_PENSE_2024_TEMA_02,LIN_PENSE2024_EF23F584CB66F0D6BC82,56.90755745122027,62.053101796425565,2.2062099687973915,Na maioria das vezes ou sempre
rio_de_janeiro,PENSE2024_2_4_92B62A2838,PeNSE,brazil,1,61.76770677604118,2024,%,"Base ponderada IBGE do universo/subconjunto explicitado na medida e nas notas oficiais, para a mesma geografia e desagregação. Definição integral: Distribuição percentual de escolares de 13 a 17 anos cujos colegas de escola os trataram bem e/ou foram prestativos com eles nos 30 dias anteriores à pesquisa (%) Notas: Nota: Não são apresentados resultados para escolares que deixaram a questão sem resposta. Não reconstruir base numérica nem remover filtros condicionais.",COMPARABLE_OFFICIAL_ESTIMATE,IBGE_PENSE_2024_TEMA_02,LIN_PENSE2024_77E5C95375632A2AEA65,60.82887392330779,62.70653962877457,0.7752569714128908,Na maioria das vezes ou sempre
rio_de_janeiro,PENSE2024_13_8_11239872D1,PeNSE,municipality,3304557,61.93847564745622,2024,%,"Base ponderada IBGE do universo/subconjunto explicitado na medida e nas notas oficiais, para a mesma geografia e desagregação. Definição integral: Percentual de escolares de 13 a 17 anos que foram vacinados(as) contra o vírus Papilomavírus Humano (HPV) (%) Não reconstruir base numérica nem remover filtros condicionais.",COMPARABLE_OFFICIAL_ESTIMATE,IBGE_PENSE_2024_TEMA_13,LIN_PENSE2024_FCEF75E4176B46FD0CEC,59.50040943144164,64.3765418634708,2.0077233190900645,Total
rio_de_janeiro,PENSE2024_13_8_11239872D1,PeNSE,state,33,56.42808783704043,2024,%,"Base ponderada IBGE do universo/subconjunto explicitado na medida e nas notas oficiais, para a mesma geografia e desagregação. Definição integral: Percentual de escolares de 13 a 17 anos que foram vacinados(as) contra o vírus Papilomavírus Humano (HPV) (%) Não reconstruir base numérica nem remover filtros condicionais.",COMPARABLE_OFFICIAL_ESTIMATE,IBGE_PENSE_2024_TEMA_13,LIN_PENSE2024_651437F69DE371F082A1,54.55439740928297,58.30177826479789,1.6936410985295483,Total
rio_de_janeiro,PENSE2024_13_8_11239872D1,PeNSE,brazil,1,54.899013803530515,2024,%,"Base ponderada IBGE do universo/subconjunto explicitado na medida e nas notas oficiais, para a mesma geografia e desagregação. Definição integral: Percentual de escolares de 13 a 17 anos que foram vacinados(as) contra o vírus Papilomavírus Humano (HPV) (%) Não reconstruir base numérica nem remover filtros condicionais.",COMPARABLE_OFFICIAL_ESTIMATE,IBGE_PENSE_2024_TEMA_13,LIN_PENSE2024_B68AC980406D17CC27AF,54.01075209737065,55.78727550969038,0.8252685143645713,Total
belem,PNADC_7138_10276_31615,PNADC,municipality,1501402,98.4,2025,%,"Pessoas da mesma faixa etária na população residente elegível; taxa publicada diretamente, sem reconstrução de totais.",OFFICIAL_PUBLISHED_SAMPLE_ESTIMATE,IBGE_PNADC_EDUCACAO_2025_7138,R75_PNADC_7138_2025_31615_1501402,,,0.8,Sexo total (2=6794); idade (58=31615)
belem,PNADC_7138_10276_31615,PNADC,state,15,99.4,2025,%,"Pessoas da mesma faixa etária na população residente elegível; taxa publicada diretamente, sem reconstrução de totais.",OFFICIAL_PUBLISHED_SAMPLE_ESTIMATE,IBGE_PNADC_EDUCACAO_2025_7138,R75_PNADC_7138_2025_31615_15,,,0.2,Sexo total (2=6794); idade (58=31615)
belem,PNADC_7138_10276_31615,PNADC,brazil,1,99.5,2025,%,"Pessoas da mesma faixa etária na população residente elegível; taxa publicada diretamente, sem reconstrução de totais.",OFFICIAL_PUBLISHED_SAMPLE_ESTIMATE,IBGE_PNADC_EDUCACAO_2025_7138,R75_PNADC_7138_2025_31615_1,,,0.0,Sexo total (2=6794); idade (58=31615)
belem,PNADC_7138_10276_2792,PNADC,municipality,1501402,93.6,2025,%,"Pessoas da mesma faixa etária na população residente elegível; taxa publicada diretamente, sem reconstrução de totais.",OFFICIAL_PUBLISHED_SAMPLE_ESTIMATE,IBGE_PNADC_EDUCACAO_2025_7138,R75_PNADC_7138_2025_2792_1501402,,,2.1,Sexo total (2=6794); idade (58=2792)
belem,PNADC_7138_10276_2792,PNADC,state,15,91.6,2025,%,"Pessoas da mesma faixa etária na população residente elegível; taxa publicada diretamente, sem reconstrução de totais.",OFFICIAL_PUBLISHED_SAMPLE_ESTIMATE,IBGE_PNADC_EDUCACAO_2025_7138,R75_PNADC_7138_2025_2792_15,,,1.2,Sexo total (2=6794); idade (58=2792)
belem,PNADC_7138_10276_2792,PNADC,brazil,1,93.2,2025,%,"Pessoas da mesma faixa etária na população residente elegível; taxa publicada diretamente, sem reconstrução de totais.",OFFICIAL_PUBLISHED_SAMPLE_ESTIMATE,IBGE_PNADC_EDUCACAO_2025_7138,R75_PNADC_7138_2025_2792_1,,,0.3,Sexo total (2=6794); idade (58=2792)
manaus,PNADC_7138_10276_31615,PNADC,municipality,1302603,98.8,2025,%,"Pessoas da mesma faixa etária na população residente elegível; taxa publicada diretamente, sem reconstrução de totais.",OFFICIAL_PUBLISHED_SAMPLE_ESTIMATE,IBGE_PNADC_EDUCACAO_2025_7138,R75_PNADC_7138_2025_31615_1302603,,,0.4,Sexo total (2=6794); idade (58=31615)
manaus,PNADC_7138_10276_31615,PNADC,state,13,98.6,2025,%,"Pessoas da mesma faixa etária na população residente elegível; taxa publicada diretamente, sem reconstrução de totais.",OFFICIAL_PUBLISHED_SAMPLE_ESTIMATE,IBGE_PNADC_EDUCACAO_2025_7138,R75_PNADC_7138_2025_31615_13,,,0.3,Sexo total (2=6794); idade (58=31615)
manaus,PNADC_7138_10276_31615,PNADC,brazil,1,99.5,2025,%,"Pessoas da mesma faixa etária na população residente elegível; taxa publicada diretamente, sem reconstrução de totais.",OFFICIAL_PUBLISHED_SAMPLE_ESTIMATE,IBGE_PNADC_EDUCACAO_2025_7138,R75_PNADC_7138_2025_31615_1,,,0.0,Sexo total (2=6794); idade (58=31615)
manaus,PNADC_7138_10276_2792,PNADC,municipality,1302603,95.1,2025,%,"Pessoas da mesma faixa etária na população residente elegível; taxa publicada diretamente, sem reconstrução de totais.",OFFICIAL_PUBLISHED_SAMPLE_ESTIMATE,IBGE_PNADC_EDUCACAO_2025_7138,R75_PNADC_7138_2025_2792_1302603,,,1.6,Sexo total (2=6794); idade (58=2792)
manaus,PNADC_7138_10276_2792,PNADC,state,13,92.1,2025,%,"Pessoas da mesma faixa etária na população residente elegível; taxa publicada diretamente, sem reconstrução de totais.",OFFICIAL_PUBLISHED_SAMPLE_ESTIMATE,IBGE_PNADC_EDUCACAO_2025_7138,R75_PNADC_7138_2025_2792_13,,,1.4,Sexo total (2=6794); idade (58=2792)
manaus,PNADC_7138_10276_2792,PNADC,brazil,1,93.2,2025,%,"Pessoas da mesma faixa etária na população residente elegível; taxa publicada diretamente, sem reconstrução de totais.",OFFICIAL_PUBLISHED_SAMPLE_ESTIMATE,IBGE_PNADC_EDUCACAO_2025_7138,R75_PNADC_7138_2025_2792_1,,,0.3,Sexo total (2=6794); idade (58=2792)
sao_luis,PNADC_7138_10276_31615,PNADC,municipality,2111300,100.0,2025,%,"Pessoas da mesma faixa etária na população residente elegível; taxa publicada diretamente, sem reconstrução de totais.",OFFICIAL_PUBLISHED_SAMPLE_ESTIMATE,IBGE_PNADC_EDUCACAO_2025_7138,R75_PNADC_7138_2025_31615_2111300,,,-,Sexo total (2=6794); idade (58=31615)
sao_luis,PNADC_7138_10276_31615,PNADC,state,21,99.6,2025,%,"Pessoas da mesma faixa etária na população residente elegível; taxa publicada diretamente, sem reconstrução de totais.",OFFICIAL_PUBLISHED_SAMPLE_ESTIMATE,IBGE_PNADC_EDUCACAO_2025_7138,R75_PNADC_7138_2025_31615_21,,,0.1,Sexo total (2=6794); idade (58=31615)
sao_luis,PNADC_7138_10276_31615,PNADC,brazil,1,99.5,2025,%,"Pessoas da mesma faixa etária na população residente elegível; taxa publicada diretamente, sem reconstrução de totais.",OFFICIAL_PUBLISHED_SAMPLE_ESTIMATE,IBGE_PNADC_EDUCACAO_2025_7138,R75_PNADC_7138_2025_31615_1,,,0.0,Sexo total (2=6794); idade (58=31615)
sao_luis,PNADC_7138_10276_2792,PNADC,municipality,2111300,97.7,2025,%,"Pessoas da mesma faixa etária na população residente elegível; taxa publicada diretamente, sem reconstrução de totais.",OFFICIAL_PUBLISHED_SAMPLE_ESTIMATE,IBGE_PNADC_EDUCACAO_2025_7138,R75_PNADC_7138_2025_2792_2111300,,,1.1,Sexo total (2=6794); idade (58=2792)
sao_luis,PNADC_7138_10276_2792,PNADC,state,21,92.6,2025,%,"Pessoas da mesma faixa etária na população residente elegível; taxa publicada diretamente, sem reconstrução de totais.",OFFICIAL_PUBLISHED_SAMPLE_ESTIMATE,IBGE_PNADC_EDUCACAO_2025_7138,R75_PNADC_7138_2025_2792_21,,,0.8,Sexo total (2=6794); idade (58=2792)
sao_luis,PNADC_7138_10276_2792,PNADC,brazil,1,93.2,2025,%,"Pessoas da mesma faixa etária na população residente elegível; taxa publicada diretamente, sem reconstrução de totais.",OFFICIAL_PUBLISHED_SAMPLE_ESTIMATE,IBGE_PNADC_EDUCACAO_2025_7138,R75_PNADC_7138_2025_2792_1,,,0.3,Sexo total (2=6794); idade (58=2792)
sao_paulo,PNADC_7138_10276_31615,PNADC,municipality,3550308,99.8,2025,%,"Pessoas da mesma faixa etária na população residente elegível; taxa publicada diretamente, sem reconstrução de totais.",OFFICIAL_PUBLISHED_SAMPLE_ESTIMATE,IBGE_PNADC_EDUCACAO_2025_7138,R75_PNADC_7138_2025_31615_3550308,,,0.1,Sexo total (2=6794); idade (58=31615)
sao_paulo,PNADC_7138_10276_31615,PNADC,state,35,99.7,2025,%,"Pessoas da mesma faixa etária na população residente elegível; taxa publicada diretamente, sem reconstrução de totais.",OFFICIAL_PUBLISHED_SAMPLE_ESTIMATE,IBGE_PNADC_EDUCACAO_2025_7138,R75_PNADC_7138_2025_31615_35,,,0.1,Sexo total (2=6794); idade (58=31615)
sao_paulo,PNADC_7138_10276_31615,PNADC,brazil,1,99.5,2025,%,"Pessoas da mesma faixa etária na população residente elegível; taxa publicada diretamente, sem reconstrução de totais.",OFFICIAL_PUBLISHED_SAMPLE_ESTIMATE,IBGE_PNADC_EDUCACAO_2025_7138,R75_PNADC_7138_2025_31615_1,,,0.0,Sexo total (2=6794); idade (58=31615)
sao_paulo,PNADC_7138_10276_2792,PNADC,municipality,3550308,95.1,2025,%,"Pessoas da mesma faixa etária na população residente elegível; taxa publicada diretamente, sem reconstrução de totais.",OFFICIAL_PUBLISHED_SAMPLE_ESTIMATE,IBGE_PNADC_EDUCACAO_2025_7138,R75_PNADC_7138_2025_2792_3550308,,,1.4,Sexo total (2=6794); idade (58=2792)
sao_paulo,PNADC_7138_10276_2792,PNADC,state,35,93.5,2025,%,"Pessoas da mesma faixa etária na população residente elegível; taxa publicada diretamente, sem reconstrução de totais.",OFFICIAL_PUBLISHED_SAMPLE_ESTIMATE,IBGE_PNADC_EDUCACAO_2025_7138,R75_PNADC_7138_2025_2792_35,,,0.8,Sexo total (2=6794); idade (58=2792)
sao_paulo,PNADC_7138_10276_2792,PNADC,brazil,1,93.2,2025,%,"Pessoas da mesma faixa etária na população residente elegível; taxa publicada diretamente, sem reconstrução de totais.",OFFICIAL_PUBLISHED_SAMPLE_ESTIMATE,IBGE_PNADC_EDUCACAO_2025_7138,R75_PNADC_7138_2025_2792_1,,,0.3,Sexo total (2=6794); idade (58=2792)
rio_de_janeiro,PNADC_7138_10276_31615,PNADC,municipality,3304557,99.6,2025,%,"Pessoas da mesma faixa etária na população residente elegível; taxa publicada diretamente, sem reconstrução de totais.",OFFICIAL_PUBLISHED_SAMPLE_ESTIMATE,IBGE_PNADC_EDUCACAO_2025_7138,R75_PNADC_7138_2025_31615_3304557,,,0.3,Sexo total (2=6794); idade (58=31615)
rio_de_janeiro,PNADC_7138_10276_31615,PNADC,state,33,99.7,2025,%,"Pessoas da mesma faixa etária na população residente elegível; taxa publicada diretamente, sem reconstrução de totais.",OFFICIAL_PUBLISHED_SAMPLE_ESTIMATE,IBGE_PNADC_EDUCACAO_2025_7138,R75_PNADC_7138_2025_31615_33,,,0.1,Sexo total (2=6794); idade (58=31615)
rio_de_janeiro,PNADC_7138_10276_31615,PNADC,brazil,1,99.5,2025,%,"Pessoas da mesma faixa etária na população residente elegível; taxa publicada diretamente, sem reconstrução de totais.",OFFICIAL_PUBLISHED_SAMPLE_ESTIMATE,IBGE_PNADC_EDUCACAO_2025_7138,R75_PNADC_7138_2025_31615_1,,,0.0,Sexo total (2=6794); idade (58=31615)
rio_de_janeiro,PNADC_7138_10276_2792,PNADC,municipality,3304557,96.6,2025,%,"Pessoas da mesma faixa etária na população residente elegível; taxa publicada diretamente, sem reconstrução de totais.",OFFICIAL_PUBLISHED_SAMPLE_ESTIMATE,IBGE_PNADC_EDUCACAO_2025_7138,R75_PNADC_7138_2025_2792_3304557,,,0.9,Sexo total (2=6794); idade (58=2792)
rio_de_janeiro,PNADC_7138_10276_2792,PNADC,state,33,95.4,2025,%,"Pessoas da mesma faixa etária na população residente elegível; taxa publicada diretamente, sem reconstrução de totais.",OFFICIAL_PUBLISHED_SAMPLE_ESTIMATE,IBGE_PNADC_EDUCACAO_2025_7138,R75_PNADC_7138_2025_2792_33,,,0.7,Sexo total (2=6794); idade (58=2792)
rio_de_janeiro,PNADC_7138_10276_2792,PNADC,brazil,1,93.2,2025,%,"Pessoas da mesma faixa etária na população residente elegível; taxa publicada diretamente, sem reconstrução de totais.",OFFICIAL_PUBLISHED_SAMPLE_ESTIMATE,IBGE_PNADC_EDUCACAO_2025_7138,R75_PNADC_7138_2025_2792_1,,,0.3,Sexo total (2=6794); idade (58=2792)
